80806d80808080806d80808080806d8080808080806d8080808080806d808080808080806d808080808080806d6d808080
80806c80808080806c80808080806c8080808080806c8080808080806c808080808080806c808080808080806c6c808080
80806b80808080806b80808080806b8080808080806b8080808080806b808080808080806b808080808080806b6b808080
80803080808080803080808080803080808080808030808080808080308080808080808030808080808080803030808080
80806d6d808080806d80808080806d8080808080806d8080808080806d808080808080806d808080808080806d6d808080
80806c6c808080806c80808080806c8080808080806c8080808080806c808080808080806c808080808080806c6c808080
80806b6b808080806b80808080806b8080808080806b8080808080806b808080808080806b808080808080806b6b808080
80803030808080803080808080803080808080808030808080808080308080808080808030808080808080803030808080
80809380808080809380808080809380808080808093808080808080938080808080808093808080808080809393808080
80809480808080809480808080809480808080808094808080808080948080808080808094808080808080809494808080
80809580808080809580808080809580808080808095808080808080958080808080808095808080808080809595808080
8080d08080808080d08080808080d0808080808080d0808080808080d080808080808080d080808080808080d0d0808080
80809393808080809380808080809380808080808093808080808080938080808080808093808080808080809393808080
80809494808080809480808080809480808080808094808080808080948080808080808094808080808080809494808080
80809595808080809580808080809580808080808095808080808080958080808080808095808080808080809595808080
8080d0d080808080d08080808080d0808080808080d0808080808080d080808080808080d080808080808080d0d0808080
80806d6d808080806d80808080806d8080808080806d8080808080806d808080808080806d808080808080806d80808080
80806c6c808080806c80808080806c8080808080806c8080808080806c808080808080806c808080808080806c80808080
80806b6b808080806b80808080806b8080808080806b8080808080806b808080808080806b808080808080806b80808080
80803030808080803080808080803080808080808030808080808080308080808080808030808080808080803080808080
80806d6d6d8080806d80808080806d8080808080806d8080808080806d808080808080806d808080808080806d80808080
80806c6c6c8080806c80808080806c8080808080806c8080808080806c808080808080806c808080808080806c80808080
80806b6b6b8080806b80808080806b8080808080806b8080808080806b808080808080806b808080808080806b80808080
80803030308080803080808080803080808080808030808080808080308080808080808030808080808080803080808080
80809393808080809380808080809380808080808093808080808080938080808080808093808080808080809380808080
80809494808080809480808080809480808080808094808080808080948080808080808094808080808080809480808080
80809595808080809580808080809580808080808095808080808080958080808080808095808080808080809580808080
8080d0d080808080d08080808080d0808080808080d0808080808080d080808080808080d080808080808080d080808080
80809393938080809380808080809380808080808093808080808080938080808080808093808080808080809380808080
80809494948080809480808080809480808080808094808080808080948080808080808094808080808080809480808080
80809595958080809580808080809580808080808095808080808080958080808080808095808080808080809580808080
8080d0d0d0808080d08080808080d0808080808080d0808080808080d080808080808080d080808080808080d080808080
80806d6d6d8080806d80808080806d8080808080806d8080808080806d808080808080806d808080808080808080808080
80806c6c6c8080806c80808080806c8080808080806c8080808080806c808080808080806c808080808080808080808080
80806b6b6b8080806b80808080806b8080808080806b8080808080806b808080808080806b808080808080808080808080
80803030308080803080808080803080808080808030808080808080308080808080808030808080808080808080808080
80806d6d6d8080806d8080806d806d8080808080806d8080808080806d808080808080806d808080808080808080808080
80806c6c6c8080806c8080806c806c8080808080806c8080808080806c808080808080806c808080808080808080808080
80806b6b6b8080806b8080806b806b8080808080806b8080808080806b808080808080806b808080808080808080808080
80803030308080803080808030803080808080808030808080808080308080808080808030808080808080808080808080
80809393938080809380808080809380808080808093808080808080938080808080808093808080808080808080808080
80809494948080809480808080809480808080808094808080808080948080808080808094808080808080808080808080
80809595958080809580808080809580808080808095808080808080958080808080808095808080808080808080808080
8080d0d0d0808080d08080808080d0808080808080d0808080808080d080808080808080d0808080808080808080808080
80809393938080809380808093809380808080808093808080808080938080808080808093808080808080808080808080
80809494948080809480808094809480808080808094808080808080948080808080808094808080808080808080808080
80809595958080809580808095809580808080808095808080808080958080808080808095808080808080808080808080
8080d0d0d0808080d0808080d080d0808080808080d0808080808080d080808080808080d0808080808080808080808080
80806d6d6d8080806d8080806d806d8080808080806d8080808080806d8080808080808080808080808080808080808080
80806c6c6c8080806c8080806c806c8080808080806c8080808080806c8080808080808080808080808080808080808080
80806b6b6b8080806b8080806b806b8080808080806b8080808080806b8080808080808080808080808080808080808080
80803030308080803080808030803080808080808030808080808080308080808080808080808080808080808080808080
80806d6d6d8080806d8080806d806d80808080806d6d8080808080806d8080808080808080808080808080808080808080
80806c6c6c8080806c8080806c806c80808080806c6c8080808080806c8080808080808080808080808080808080808080
80806b6b6b8080806b8080806b806b80808080806b6b8080808080806b8080808080808080808080808080808080808080
80803030308080803080808030803080808080803030808080808080308080808080808080808080808080808080808080
80809393938080809380808093809380808080808093808080808080938080808080808080808080808080808080808080
80809494948080809480808094809480808080808094808080808080948080808080808080808080808080808080808080
80809595958080809580808095809580808080808095808080808080958080808080808080808080808080808080808080
8080d0d0d0808080d0808080d080d0808080808080d0808080808080d08080808080808080808080808080808080808080
80809393938080809380808093809380808080809393808080808080938080808080808080808080808080808080808080
80809494948080809480808094809480808080809494808080808080948080808080808080808080808080808080808080
80809595958080809580808095809580808080809595808080808080958080808080808080808080808080808080808080
8080d0d0d0808080d0808080d080d08080808080d0d0808080808080d08080808080808080808080808080808080808080
80806d6d6d8080806d8080806d806d80808080806d6d808080808080808080808080808080808080808080808080808080
80806c6c6c8080806c8080806c806c80808080806c6c808080808080808080808080808080808080808080808080808080
80806b6b6b8080806b8080806b806b80808080806b6b808080808080808080808080808080808080808080808080808080
80803030308080803080808030803080808080803030808080808080808080808080808080808080808080808080808080
80806d6d6d8080806d8080806d806d80808080806d6d80808080806d808080808080808080808080808080808080808080
80806c6c6c8080806c8080806c806c80808080806c6c80808080806c808080808080808080808080808080808080808080
80806b6b6b8080806b8080806b806b80808080806b6b80808080806b808080808080808080808080808080808080808080
80803030308080803080808030803080808080803030808080808030808080808080808080808080808080808080808080
80809393938080809380808093809380808080809393808080808080808080808080808080808080808080808080808080
80809494948080809480808094809480808080809494808080808080808080808080808080808080808080808080808080
80809595958080809580808095809580808080809595808080808080808080808080808080808080808080808080808080
8080d0d0d0808080d0808080d080d08080808080d0d0808080808080808080808080808080808080808080808080808080
80809393938080809380808093809380808080809393808080808093808080808080808080808080808080808080808080
80809494948080809480808094809480808080809494808080808094808080808080808080808080808080808080808080
80809595958080809580808095809580808080809595808080808095808080808080808080808080808080808080808080
8080d0d0d0808080d0808080d080d08080808080d0d08080808080d0808080808080808080808080808080808080808080
80806d6d6d8080806d8080806d806d80808080806d8080808080806d808080808080808080808080808080808080808080
80806c6c6c8080806c8080806c806c80808080806c8080808080806c808080808080808080808080808080808080808080
80806b6b6b8080806b8080806b806b80808080806b8080808080806b808080808080808080808080808080808080808080
80803030308080803080808030803080808080803080808080808030808080808080808080808080808080808080808080
80806d6d6d8080806d8080806d806d80808080806d8080808080806d8080808080806d8080808080808080808080808080
80806c6c6c8080806c8080806c806c80808080806c8080808080806c8080808080806c8080808080808080808080808080
80806b6b6b8080806b8080806b806b80808080806b8080808080806b8080808080806b8080808080808080808080808080
80803030308080803080808030803080808080803080808080808030808080808080308080808080808080808080808080
80809393938080809380808093809380808080809380808080808093808080808080808080808080808080808080808080
80809494948080809480808094809480808080809480808080808094808080808080808080808080808080808080808080
80809595958080809580808095809580808080809580808080808095808080808080808080808080808080808080808080
8080d0d0d0808080d0808080d080d08080808080d0808080808080d0808080808080808080808080808080808080808080
80809393938080809380808093809380808080809380808080808093808080808080938080808080808080808080808080
80809494948080809480808094809480808080809480808080808094808080808080948080808080808080808080808080
80809595958080809580808095809580808080809580808080808095808080808080958080808080808080808080808080
8080d0d0d0808080d0808080d080d08080808080d0808080808080d0808080808080d08080808080808080808080808080
80806d6d6d8080806d8080806d808080808080806d8080808080806d8080808080806d8080808080808080808080808080
80806c6c6c8080806c8080806c808080808080806c8080808080806c8080808080806c8080808080808080808080808080
80806b6b6b8080806b8080806b808080808080806b8080808080806b8080808080806b8080808080808080808080808080
80803030308080803080808030808080808080803080808080808030808080808080308080808080808080808080808080
80806d6d6d8080806d8080806d808080808080806d8080808080806d8080808080806d80808080806d8080808080808080
80806c6c6c8080806c8080806c808080808080806c8080808080806c8080808080806c80808080806c8080808080808080
80806b6b6b8080806b8080806b808080808080806b8080808080806b8080808080806b80808080806b8080808080808080
80803030308080803080808030808080808080803080808080808030808080808080308080808080308080808080808080
80809393938080809380808093808080808080809380808080808093808080808080938080808080808080808080808080
80809494948080809480808094808080808080809480808080808094808080808080948080808080808080808080808080
80809595958080809580808095808080808080809580808080808095808080808080958080808080808080808080808080
8080d0d0d0808080d0808080d080808080808080d0808080808080d0808080808080d08080808080808080808080808080
80809393938080809380808093808080808080809380808080808093808080808080938080808080938080808080808080
80809494948080809480808094808080808080809480808080808094808080808080948080808080948080808080808080
80809595958080809580808095808080808080809580808080808095808080808080958080808080958080808080808080
8080d0d0d0808080d0808080d080808080808080d0808080808080d0808080808080d08080808080d08080808080808080
80806d6d6d808080808080806d808080808080806d8080808080806d8080808080806d80808080806d8080808080808080
80806c6c6c808080808080806c808080808080806c8080808080806c8080808080806c80808080806c8080808080808080
80806b6b6b808080808080806b808080808080806b8080808080806b8080808080806b80808080806b8080808080808080
80803030308080808080808030808080808080803080808080808030808080808080308080808080308080808080808080
80806d6d6d808080808080806d808080808080806d8080808080806d8080808080806d80808080806d80808080806d8080
80806c6c6c808080808080806c808080808080806c8080808080806c8080808080806c80808080806c80808080806c8080
80806b6b6b808080808080806b808080808080806b8080808080806b8080808080806b80808080806b80808080806b8080
80803030308080808080808030808080808080803080808080808030808080808080308080808080308080808080308080
80809393938080808080808093808080808080809380808080808093808080808080938080808080938080808080808080
80809494948080808080808094808080808080809480808080808094808080808080948080808080948080808080808080
80809595958080808080808095808080808080809580808080808095808080808080958080808080958080808080808080
8080d0d0d080808080808080d080808080808080d0808080808080d0808080808080d08080808080d08080808080808080
80809393938080808080808093808080808080809380808080808093808080808080938080808080938080808080938080
80809494948080808080808094808080808080809480808080808094808080808080948080808080948080808080948080
80809595958080808080808095808080808080809580808080808095808080808080958080808080958080808080958080
8080d0d0d080808080808080d080808080808080d0808080808080d0808080808080d08080808080d08080808080d08080
8080806d6d808080808080806d808080808080806d8080808080806d8080808080806d80808080806d80808080806d8080
8080806c6c808080808080806c808080808080806c8080808080806c8080808080806c80808080806c80808080806c8080
8080806b6b808080808080806b808080808080806b8080808080806b8080808080806b80808080806b80808080806b8080
80808030308080808080808030808080808080803080808080808030808080808080308080808080308080808080308080
8080806d6d808080808080806d808080808080806d8080808080806d8080808080806d80808080806d808080806d6d8080
8080806c6c808080808080806c808080808080806c8080808080806c8080808080806c80808080806c808080806c6c8080
8080806b6b808080808080806b808080808080806b8080808080806b8080808080806b80808080806b808080806b6b8080
80808030308080808080808030808080808080803080808080808030808080808080308080808080308080808030308080
80808093938080808080808093808080808080809380808080808093808080808080938080808080938080808080938080
80808094948080808080808094808080808080809480808080808094808080808080948080808080948080808080948080
80808095958080808080808095808080808080809580808080808095808080808080958080808080958080808080958080
808080d0d080808080808080d080808080808080d0808080808080d0808080808080d08080808080d08080808080d08080
80808093938080808080808093808080808080809380808080808093808080808080938080808080938080808093938080
80808094948080808080808094808080808080809480808080808094808080808080948080808080948080808094948080
80808095958080808080808095808080808080809580808080808095808080808080958080808080958080808095958080
808080d0d080808080808080d080808080808080d0808080808080d0808080808080d08080808080d080808080d0d08080
808080806d808080808080806d808080808080806d8080808080806d8080808080806d80808080806d808080806d6d8080
808080806c808080808080806c808080808080806c8080808080806c8080808080806c80808080806c808080806c6c8080
808080806b808080808080806b808080808080806b8080808080806b8080808080806b80808080806b808080806b6b8080
80808080308080808080808030808080808080803080808080808030808080808080308080808080308080808030308080
808080806d808080808080806d808080808080806d8080808080806d8080808080806d80808080806d8080806d6d6d8080
808080806c808080808080806c808080808080806c8080808080806c8080808080806c80808080806c8080806c6c6c8080
808080806b808080808080806b808080808080806b8080808080806b8080808080806b80808080806b8080806b6b6b8080
80808080308080808080808030808080808080803080808080808030808080808080308080808080308080803030308080
80808080938080808080808093808080808080809380808080808093808080808080938080808080938080808093938080
80808080948080808080808094808080808080809480808080808094808080808080948080808080948080808094948080
80808080958080808080808095808080808080809580808080808095808080808080958080808080958080808095958080
80808080d080808080808080d080808080808080d0808080808080d0808080808080d08080808080d080808080d0d08080
80808080938080808080808093808080808080809380808080808093808080808080938080808080938080809393938080
80808080948080808080808094808080808080809480808080808094808080808080948080808080948080809494948080
80808080958080808080808095808080808080809580808080808095808080808080958080808080958080809595958080
80808080d080808080808080d080808080808080d0808080808080d0808080808080d08080808080d0808080d0d0d08080
8080808080808080808080806d808080808080806d8080808080806d8080808080806d80808080806d8080806d6d6d8080
8080808080808080808080806c808080808080806c8080808080806c8080808080806c80808080806c8080806c6c6c8080
8080808080808080808080806b808080808080806b8080808080806b8080808080806b80808080806b8080806b6b6b8080
80808080808080808080808030808080808080803080808080808030808080808080308080808080308080803030308080
8080808080808080808080806d808080808080806d8080808080806d8080808080806d806d8080806d8080806d6d6d8080
8080808080808080808080806c808080808080806c8080808080806c8080808080806c806c8080806c8080806c6c6c8080
8080808080808080808080806b808080808080806b8080808080806b8080808080806b806b8080806b8080806b6b6b8080
80808080808080808080808030808080808080803080808080808030808080808080308030808080308080803030308080
80808080808080808080808093808080808080809380808080808093808080808080938080808080938080809393938080
80808080808080808080808094808080808080809480808080808094808080808080948080808080948080809494948080
80808080808080808080808095808080808080809580808080808095808080808080958080808080958080809595958080
808080808080808080808080d080808080808080d0808080808080d0808080808080d08080808080d0808080d0d0d08080
80808080808080808080808093808080808080809380808080808093808080808080938093808080938080809393938080
80808080808080808080808094808080808080809480808080808094808080808080948094808080948080809494948080
80808080808080808080808095808080808080809580808080808095808080808080958095808080958080809595958080
808080808080808080808080d080808080808080d0808080808080d0808080808080d080d0808080d0808080d0d0d08080
80808080808080808080808080808080808080806d8080808080806d8080808080806d806d8080806d8080806d6d6d8080
80808080808080808080808080808080808080806c8080808080806c8080808080806c806c8080806c8080806c6c6c8080
80808080808080808080808080808080808080806b8080808080806b8080808080806b806b8080806b8080806b6b6b8080
80808080808080808080808080808080808080803080808080808030808080808080308030808080308080803030308080
80808080808080808080808080808080808080806d8080808080806d6d80808080806d806d8080806d8080806d6d6d8080
80808080808080808080808080808080808080806c8080808080806c6c80808080806c806c8080806c8080806c6c6c8080
80808080808080808080808080808080808080806b8080808080806b6b80808080806b806b8080806b8080806b6b6b8080
80808080808080808080808080808080808080803080808080808030308080808080308030808080308080803030308080
80808080808080808080808080808080808080809380808080808093808080808080938093808080938080809393938080
80808080808080808080808080808080808080809480808080808094808080808080948094808080948080809494948080
80808080808080808080808080808080808080809580808080808095808080808080958095808080958080809595958080
8080808080808080808080808080808080808080d0808080808080d0808080808080d080d0808080d0808080d0d0d08080
80808080808080808080808080808080808080809380808080808093938080808080938093808080938080809393938080
80808080808080808080808080808080808080809480808080808094948080808080948094808080948080809494948080
80808080808080808080808080808080808080809580808080808095958080808080958095808080958080809595958080
8080808080808080808080808080808080808080d0808080808080d0d08080808080d080d0808080d0808080d0d0d08080
8080808080808080808080808080808080808080808080808080806d6d80808080806d806d8080806d8080806d6d6d8080
8080808080808080808080808080808080808080808080808080806c6c80808080806c806c8080806c8080806c6c6c8080
8080808080808080808080808080808080808080808080808080806b6b80808080806b806b8080806b8080806b6b6b8080
80808080808080808080808080808080808080808080808080808030308080808080308030808080308080803030308080
8080808080808080808080808080808080808080806d80808080806d6d80808080806d806d8080806d8080806d6d6d8080
8080808080808080808080808080808080808080806c80808080806c6c80808080806c806c8080806c8080806c6c6c8080
8080808080808080808080808080808080808080806b80808080806b6b80808080806b806b8080806b8080806b6b6b8080
80808080808080808080808080808080808080808030808080808030308080808080308030808080308080803030308080
80808080808080808080808080808080808080808080808080808093938080808080938093808080938080809393938080
80808080808080808080808080808080808080808080808080808094948080808080948094808080948080809494948080
80808080808080808080808080808080808080808080808080808095958080808080958095808080958080809595958080
808080808080808080808080808080808080808080808080808080d0d08080808080d080d0808080d0808080d0d0d08080
80808080808080808080808080808080808080808093808080808093938080808080938093808080938080809393938080
80808080808080808080808080808080808080808094808080808094948080808080948094808080948080809494948080
80808080808080808080808080808080808080808095808080808095958080808080958095808080958080809595958080
808080808080808080808080808080808080808080d08080808080d0d08080808080d080d0808080d0808080d0d0d08080
8080808080808080808080808080808080808080806d8080808080806d80808080806d806d8080806d8080806d6d6d8080
8080808080808080808080808080808080808080806c8080808080806c80808080806c806c8080806c8080806c6c6c8080
8080808080808080808080808080808080808080806b8080808080806b80808080806b806b8080806b8080806b6b6b8080
80808080808080808080808080808080808080808030808080808080308080808080308030808080308080803030308080
80808080808080808080808080806d8080808080806d8080808080806d80808080806d806d8080806d8080806d6d6d8080
80808080808080808080808080806c8080808080806c8080808080806c80808080806c806c8080806c8080806c6c6c8080
80808080808080808080808080806b8080808080806b8080808080806b80808080806b806b8080806b8080806b6b6b8080
80808080808080808080808080803080808080808030808080808080308080808080308030808080308080803030308080
80808080808080808080808080808080808080808093808080808080938080808080938093808080938080809393938080
80808080808080808080808080808080808080808094808080808080948080808080948094808080948080809494948080
80808080808080808080808080808080808080808095808080808080958080808080958095808080958080809595958080
808080808080808080808080808080808080808080d0808080808080d08080808080d080d0808080d0808080d0d0d08080
80808080808080808080808080809380808080808093808080808080938080808080938093808080938080809393938080
80808080808080808080808080809480808080808094808080808080948080808080948094808080948080809494948080
80808080808080808080808080809580808080808095808080808080958080808080958095808080958080809595958080
8080808080808080808080808080d0808080808080d0808080808080d08080808080d080d0808080d0808080d0d0d08080
80808080808080808080808080806d8080808080806d8080808080806d808080808080806d8080806d8080806d6d6d8080
80808080808080808080808080806c8080808080806c8080808080806c808080808080806c8080806c8080806c6c6c8080
80808080808080808080808080806b8080808080806b8080808080806b808080808080806b8080806b8080806b6b6b8080
80808080808080808080808080803080808080808030808080808080308080808080808030808080308080803030308080
80808080808080806d80808080806d8080808080806d8080808080806d808080808080806d8080806d8080806d6d6d8080
80808080808080806c80808080806c8080808080806c8080808080806c808080808080806c8080806c8080806c6c6c8080
80808080808080806b80808080806b8080808080806b8080808080806b808080808080806b8080806b8080806b6b6b8080
80808080808080803080808080803080808080808030808080808080308080808080808030808080308080803030308080
80808080808080808080808080809380808080808093808080808080938080808080808093808080938080809393938080
80808080808080808080808080809480808080808094808080808080948080808080808094808080948080809494948080
80808080808080808080808080809580808080808095808080808080958080808080808095808080958080809595958080
8080808080808080808080808080d0808080808080d0808080808080d080808080808080d0808080d0808080d0d0d08080
80808080808080809380808080809380808080808093808080808080938080808080808093808080938080809393938080
80808080808080809480808080809480808080808094808080808080948080808080808094808080948080809494948080
80808080808080809580808080809580808080808095808080808080958080808080808095808080958080809595958080
8080808080808080d08080808080d0808080808080d0808080808080d080808080808080d0808080d0808080d0d0d08080
80808080808080806d80808080806d8080808080806d8080808080806d808080808080806d808080808080806d6d6d8080
80808080808080806c80808080806c8080808080806c8080808080806c808080808080806c808080808080806c6c6c8080
80808080808080806b80808080806b8080808080806b8080808080806b808080808080806b808080808080806b6b6b8080
80808080808080803080808080803080808080808030808080808080308080808080808030808080808080803030308080
80806d80808080806d80808080806d8080808080806d8080808080806d808080808080806d808080808080806d6d6d8080
80806c80808080806c80808080806c8080808080806c8080808080806c808080808080806c808080808080806c6c6c8080
80806b80808080806b80808080806b8080808080806b8080808080806b808080808080806b808080808080806b6b6b8080
80803080808080803080808080803080808080808030808080808080308080808080808030808080808080803030308080
80808080808080809380808080809380808080808093808080808080938080808080808093808080808080809393938080
80808080808080809480808080809480808080808094808080808080948080808080808094808080808080809494948080
80808080808080809580808080809580808080808095808080808080958080808080808095808080808080809595958080
8080808080808080d08080808080d0808080808080d0808080808080d080808080808080d080808080808080d0d0d08080
80809380808080809380808080809380808080808093808080808080938080808080808093808080808080809393938080
80809480808080809480808080809480808080808094808080808080948080808080808094808080808080809494948080
80809580808080809580808080809580808080808095808080808080958080808080808095808080808080809595958080
8080d08080808080d08080808080d0808080808080d0808080808080d080808080808080d080808080808080d0d0d08080
00000000000000000000000000000000000000000000000000000000000000000000000000000000000000000000000000
00000000000000000000000000000000000000000000000000000000000000000000000000000000000000000000000000
0000ffffff000000ff000000ff00ff0000000000ffff0000000000ffff0000000000ff00ff000000ff000000ffffff0000
00000000000000000000000000000000000000000000000000000000000000000000000000000000000000000000000000
00000000000000000000000000000000000000000000000000000000000000000000000000000000000000000000000000
0000ffffff000000ff000000ff00ff0000000000ffff0000000000ffff0000000000ff00ff000000ff000000ffffff0000
00000000000000000000000000000000000000000000000000000000000000000000000000000000000000000000000000
00000000000000000000000000000000000000000000000000000000000000000000000000000000000000000000000000
0000ffffff000000ff000000ff00ff0000000000ffff0000000000ffff0000000000ff00ff000000ff000000ffffff0000
00000000000000000000000000000000000000000000000000000000000000000000000000000000000000000000000000
00000000000000000000000000000000000000000000000000000000000000000000000000000000000000000000000000
0000ffffff000000ff000000ff00ff0000000000ffff0000000000ffff0000000000ff00ff000000ff000000ffffff0000
00000000000000000000000000000000000000000000000000000000000000000000000000000000000000000000000000
00000000000000000000000000000000000000000000000000000000000000000000000000000000000000000000000000
0000ffffff000000ff000000ff00ff0000000000ffff0000000000ffff0000000000ff00ff000000ff000000ffffff0000
01010000000101010001010100010001010101010000010101010100000101010101000100010101000101010000000101
01010101010101010101010101010101010101010101010101010101010101010101010101010101010101010101010101
0101ffffff010101ff010101ff01ff0101010101ffff0101010101ffff0101010101ff01ff010101ff010101ffffff0101
01010000000101010001010100010001010101010000010101010100000101010101000100010101000101010000000101
01010101010101010101010101010101010101010101010101010101010101010101010101010101010101010101010101
0101ffffff010101ff010101ff01ff0101010101ffff0101010101ffff0101010101ff01ff010101ff010101ffffff0101
01010000000101010001010100010001010101010000010101010100000101010101000100010101000101010000000101
01010101010101010101010101010101010101010101010101010101010101010101010101010101010101010101010101
0101ffffff010101ff010101ff01ff0101010101ffff0101010101ffff0101010101ff01ff010101ff010101ffffff0101
01010000000101010001010100010001010101010000010101010100000101010101000100010101000101010000000101
01010101010101010101010101010101010101010101010101010101010101010101010101010101010101010101010101
0101ffffff010101ff010101ff01ff0101010101ffff0101010101ffff0101010101ff01ff010101ff010101ffffff0101
01010000000101010001010100010001010101010000010101010100000101010101000100010101000101010000000101
01010101010101010101010101010101010101010101010101010101010101010101010101010101010101010101010101
0101ffffff010101ff010101ff01ff0101010101ffff0101010101ffff0101010101ff01ff010101ff010101ffffff0101
7f7f0000007f7f7f007f7f7f007f007f7f7f7f7f00007f7f7f7f7f00007f7f7f7f7f007f007f7f7f007f7f7f0000007f7f
7f7f7f7f7f7f7f7f7f7f7f7f7f7f7f7f7f7f7f7f7f7f7f7f7f7f7f7f7f7f7f7f7f7f7f7f7f7f7f7f7f7f7f7f7f7f7f7f7f
7f7fffffff7f7f7fff7f7f7fff7fff7f7f7f7f7fffff7f7f7f7f7fffff7f7f7f7f7fff7fff7f7f7fff7f7f7fffffff7f7f
7f7f0000007f7f7f007f7f7f007f007f7f7f7f7f00007f7f7f7f7f00007f7f7f7f7f007f007f7f7f007f7f7f0000007f7f
7f7f7f7f7f7f7f7f7f7f7f7f7f7f7f7f7f7f7f7f7f7f7f7f7f7f7f7f7f7f7f7f7f7f7f7f7f7f7f7f7f7f7f7f7f7f7f7f7f
7f7fffffff7f7f7fff7f7f7fff7fff7f7f7f7f7fffff7f7f7f7f7fffff7f7f7f7f7fff7fff7f7f7fff7f7f7fffffff7f7f
7f7f0000007f7f7f007f7f7f007f007f7f7f7f7f00007f7f7f7f7f00007f7f7f7f7f007f007f7f7f007f7f7f0000007f7f
7f7f7f7f7f7f7f7f7f7f7f7f7f7f7f7f7f7f7f7f7f7f7f7f7f7f7f7f7f7f7f7f7f7f7f7f7f7f7f7f7f7f7f7f7f7f7f7f7f
7f7fffffff7f7f7fff7f7f7fff7fff7f7f7f7f7fffff7f7f7f7f7fffff7f7f7f7f7fff7fff7f7f7fff7f7f7fffffff7f7f
7f7f0000007f7f7f007f7f7f007f007f7f7f7f7f00007f7f7f7f7f00007f7f7f7f7f007f007f7f7f007f7f7f0000007f7f
7f7f7f7f7f7f7f7f7f7f7f7f7f7f7f7f7f7f7f7f7f7f7f7f7f7f7f7f7f7f7f7f7f7f7f7f7f7f7f7f7f7f7f7f7f7f7f7f7f
7f7fffffff7f7f7fff7f7f7fff7fff7f7f7f7f7fffff7f7f7f7f7fffff7f7f7f7f7fff7fff7f7f7fff7f7f7fffffff7f7f
7f7f0000007f7f7f007f7f7f007f007f7f7f7f7f00007f7f7f7f7f00007f7f7f7f7f007f007f7f7f007f7f7f0000007f7f
7f7f7f7f7f7f7f7f7f7f7f7f7f7f7f7f7f7f7f7f7f7f7f7f7f7f7f7f7f7f7f7f7f7f7f7f7f7f7f7f7f7f7f7f7f7f7f7f7f
7f7fffffff7f7f7fff7f7f7fff7fff7f7f7f7f7fffff7f7f7f7f7fffff7f7f7f7f7fff7fff7f7f7fff7f7f7fffffff7f7f
80800000008080800080808000800080808080800000808080808000008080808080008000808080008080800000008080
80808080808080808080808080808080808080808080808080808080808080808080808080808080808080808080808080
8080ffffff808080ff808080ff80ff8080808080ffff8080808080ffff8080808080ff80ff808080ff808080ffffff8080
80800000008080800080808000800080808080800000808080808000008080808080008000808080008080800000008080
80808080808080808080808080808080808080808080808080808080808080808080808080808080808080808080808080
8080ffffff808080ff808080ff80ff8080808080ffff8080808080ffff8080808080ff80ff808080ff808080ffffff8080
80800000008080800080808000800080808080800000808080808000008080808080008000808080008080800000008080
80808080808080808080808080808080808080808080808080808080808080808080808080808080808080808080808080
8080ffffff808080ff808080ff80ff8080808080ffff8080808080ffff8080808080ff80ff808080ff808080ffffff8080
80800000008080800080808000800080808080800000808080808000008080808080008000808080008080800000008080
80808080808080808080808080808080808080808080808080808080808080808080808080808080808080808080808080
8080ffffff808080ff808080ff80ff8080808080ffff8080808080ffff8080808080ff80ff808080ff808080ffffff8080
80800000008080800080808000800080808080800000808080808000008080808080008000808080008080800000008080
80808080808080808080808080808080808080808080808080808080808080808080808080808080808080808080808080
8080ffffff808080ff808080ff80ff8080808080ffff8080808080ffff8080808080ff80ff808080ff808080ffffff8080
fefe000000fefefe00fefefe00fe00fefefefefe0000fefefefefe0000fefefefefe00fe00fefefe00fefefe000000fefe
fefefefefefefefefefefefefefefefefefefefefefefefefefefefefefefefefefefefefefefefefefefefefefefefefe
fefefffffffefefefffefefefffefffefefefefefffffefefefefefffffefefefefefffefffefefefffefefefffffffefe
fefe000000fefefe00fefefe00fe00fefefefefe0000fefefefefe0000fefefefefe00fe00fefefe00fefefe000000fefe
fefefefefefefefefefefefefefefefefefefefefefefefefefefefefefefefefefefefefefefefefefefefefefefefefe
fefefffffffefefefffefefefffefffefefefefefffffefefefefefffffefefefefefffefffefefefffefefefffffffefe
fefe000000fefefe00fefefe00fe00fefefefefe0000fefefefefe0000fefefefefe00fe00fefefe00fefefe000000fefe
fefefefefefefefefefefefefefefefefefefefefefefefefefefefefefefefefefefefefefefefefefefefefefefefefe
fefefffffffefefefffefefefffefffefefefefefffffefefefefefffffefefefefefffefffefefefffefefefffffffefe
fefe000000fefefe00fefefe00fe00fefefefefe0000fefefefefe0000fefefefefe00fe00fefefe00fefefe000000fefe
fefefefefefefefefefefefefefefefefefefefefefefefefefefefefefefefefefefefefefefefefefefefefefefefefe
fefefffffffefefefffefefefffefffefefefefefffffefefefefefffffefefefefefffefffefefefffefefefffffffefe
fefe000000fefefe00fefefe00fe00fefefefefe0000fefefefefe0000fefefefefe00fe00fefefe00fefefe000000fefe
fefefefefefefefefefefefefefefefefefefefefefefefefefefefefefefefefefefefefefefefefefefefefefefefefe
fefefffffffefefefffefefefffefffefefefefefffffefefefefefffffefefefefefffefffefefefffefefefffffffefe
ffff000000ffffff00ffffff00ff00ffffffffff0000ffffffffff0000ffffffffff00ff00ffffff00ffffff000000ffff
ffffffffffffffffffffffffffffffffffffffffffffffffffffffffffffffffffffffffffffffffffffffffffffffffff
ffffffffffffffffffffffffffffffffffffffffffffffffffffffffffffffffffffffffffffffffffffffffffffffffff
ffff000000ffffff00ffffff00ff00ffffffffff0000ffffffffff0000ffffffffff00ff00ffffff00ffffff000000ffff
ffffffffffffffffffffffffffffffffffffffffffffffffffffffffffffffffffffffffffffffffffffffffffffffffff
ffffffffffffffffffffffffffffffffffffffffffffffffffffffffffffffffffffffffffffffffffffffffffffffffff
ffff000000ffffff00ffffff00ff00ffffffffff0000ffffffffff0000ffffffffff00ff00ffffff00ffffff000000ffff
ffffffffffffffffffffffffffffffffffffffffffffffffffffffffffffffffffffffffffffffffffffffffffffffffff
ffffffffffffffffffffffffffffffffffffffffffffffffffffffffffffffffffffffffffffffffffffffffffffffffff
ffff000000ffffff00ffffff00ff00ffffffffff0000ffffffffff0000ffffffffff00ff00ffffff00ffffff000000ffff
ffffffffffffffffffffffffffffffffffffffffffffffffffffffffffffffffffffffffffffffffffffffffffffffffff
ffffffffffffffffffffffffffffffffffffffffffffffffffffffffffffffffffffffffffffffffffffffffffffffffff
ffff000000ffffff00ffffff00ff00ffffffffff0000ffffffffff0000ffffffffff00ff00ffffff00ffffff000000ffff
ffffffffffffffffffffffffffffffffffffffffffffffffffffffffffffffffffffffffffffffffffffffffffffffffff
ffffffffffffffffffffffffffffffffffffffffffffffffffffffffffffffffffffffffffffffffffffffffffffffffff
64646565656464646564646465646564646464646565646464646465656464646464656465646464656464646565656464
64646363636464646364646463646364646464646363646464646463636464646464636463646464636464646363636464
0000ffffff000000ff000000ff00ff0000000000ffff0000000000ffff0000000000ff00ff000000ff000000ffffff0000
ffff000000ffffff00ffffff00ff00ffffffffff0000ffffffffff0000ffffffffff00ff00ffffff00ffffff000000ffff
8080817f818080807f8080807f80818080808080817f80808080807f81808080808081807f8080807f808080817f818080
fefec01156fefefee2fefefe5efe7bfefefefefe73aefefefefefea64bfefefefefe6afe18fefefe3bfefefe98c025fefe
eaea3c3c3ceaeaea3ceaeaea3cea3ceaeaeaeaea3c5feaeaeaeaea3c22eaeaeaeaea3ceaddeaeaea3ceaeaea9b2f17eaea
8181dd48408181818281818147810d81818181811d6781818181813a998181818181c181c081818133818181254af78181
d7d70e4c89d7d7d7a3d7d7d71dd767d7d7d7d7d77132d7d7d7d7d7ed10d7d7d7d7d79cd75bd7d7d757d7d7d79cbfd6d7d7
bebed0d0d0bebebed0bebebed0be76bebebebebed092bebebebebed0d5bebebebebed0bec2bebebed0bebebe88d0d0bebe
eeee6934a9eeeeeefdeeeeee6aeeb0eeeeeeeeee8a25eeeeeeeeee4106eeeeeeeeeecaee3deeeeeed9eeeeeebb63b6eeee
acac1cdd35acacac15acacac00ac32acacacacaca663acacacacacb587acacacacac05ac39acacacbbacacac005895acac
979721b710979797a5979797a7975597979797970cac9797979797278c97979797978797a39797975d979797b154969797
9797e25252979797789797975297e397979797975238979797979752c2979797979752970b97979752979797c352529797
2d2d1c1c1c2d2d2d1c2d2d2d752d1c2d2d2d2d2d1b1c2d2d2d2d2d201c2d2d2d2d2de12d1c2d2d2d1c2d2d2d1c1c1c2d2d
9090c431d4909090879090907790c29090909090b4eb9090909090b4b49090909090b490b4909090b4909090b4b4b49090
e4e4bf12c9e4e4e4fde4e4e473e464e4e4e4e4e49baee4e4e4e4e43d01e4e4e4e4e4d7e42fe4e4e45be4e4e4615b11e4e4
909058d28590909086909090019030909090909042a99090909090aa7d9090909090cd904b909090f3909090ce5fbc9090
53534242425353534253535342534253535353534242535353535342425353535353425342535353425353534242425353
fafa55a55efafafac5fafafa06fa5dfafafafafa7fe0fafafafafa1f37fafafafafa7dfa13fafafa84fafafa217d49fafa
43432dfc72434343084343431643104343434343caa2434343434345784343434343b843dc4343437f43434353c30c4343
7a7a43096f7a7a7a4e7a7a7aff7a8d7a7a7a7a7a242e7a7a7a7a7a3ce47a7a7a7a7aa67a1f7a7a7a8b7a7a7a7449107a7a
8b8b1e16318b8b8ba28b8b8baa8b518b8b8b8b8baaaa8b8b8b8b8baaaa8b8b8b8b8baa8baa8b8b8baa8b8b8baaaaaa8b8b
6464222222646464226464647564226464646464d122646464646422226464646464226422646464226464642222226464
e6e64fc66be6e6e6a9e6e6e6dce65fe6e6e6e6e6b0a7e6e6e6e6e61128e6e6e6e6e65be61be6e6e63de6e6e615bb5de6e6
7a7a9710f57a7a7a067a7a7a8e7a5c7a7a7a7a7a7a8a7a7a7a7a7a0ed67a7a7a7a7a5e7a9c7a7a7a0a7a7a7a88319a7a7a
dfdfa0a0a0dfdfdfa0dfdfdfa0dfa0dfdfdfdfdfa0a0dfdfdfdfdfa0a0dfdfdfdfdfa0dfa0dfdfdfa0dfdfdf288b8ddfdf
76765aee74767676bc767676b976bc7676767676bcbc7676767676bcbc7676767676bc76bc767676bc767676bcbcbc7676
7f7fef71c17f7f7ffa7f7f7fa77fef7f7f7f7f7fbadd7f7f7f7f7f71e97f7f7f7f7f137fbe7f7f7f6e7f7f7f70b87b7f7f
bcbcfb6e69bcbcbc1ebcbcbc69bc3bbcbcbcbcbc0a98bcbcbcbcbc64bdbcbcbcbcbcf6bc7ebcbcbcbabcbcbcdaf638bcbc
21210d54ee212121102121217221472121212121f44f2121212121fb8421212121215d217e21212112212121bd6e132121
8181ace8e28181817b818181c0818a8181818181bcc281818181813fb881818181819e81bb818181188181811566038181
e8e8a66bd7e8e8e866e8e8e811e846e8e8e8e8e88813e8e8e8e8e82646e8e8e8e8e820e867e8e8e840e8e8e8ce9abbe8e8
cecedf31a2cecece04cecece3dce06cecececece7ce2cecececece107dcecececece0ccec0cecece9ccecece678b02cece
4c4ca994424c4c4cc24c4c4c0f4cc44c4c4c4c4c711c4c4c4c4c4c5a7f4c4c4c4c4c224c904c4c4c6b4c4c4c1bcc974c4c
30307d7d7d3030307d3030307d307d30303030307d7d30303030307d7d30303030307d30da3030307d303030ff4a683030
4c4c21e4114c4c4cbc4c4c4c4d4cd44c4c4c4c4c93534c4c4c4c4c44f14c4c4c4c4c6c4c784c4c4cdd4c4c4c5c86514c4c
43431d1d1d434343f04343431d432843434343431dd343434343431d0b43434343431d434e4343431d434343031d1d4343
6b6bd688406b6b6b316b6b6b6c6b7f6b6b6b6b6b76976b6b6b6b6b5efb6b6b6b6b6b5a6b106b6b6b106b6b6b45d37d6b6b
cfcfb0b0b0cfcfcfb0cfcfcfb0cfb0cfcfcfcfcfb0b0cfcfcfcfcfd7b0cfcfcfcfcffecfb0cfcfcf38cfcfcfb0eb2fcfcf
8585dadada858585da858585da85da8585858585dada8585858585dada8585858585da85da858585a6858585dadab68585
90906565659090906590909065906590909090906565909090909065659090909090659065909090659090902d48659090
4848d3d3d3484848d34848489048d3484848484841d34848484848f7d34848484848d348d3484848d3484848d3d3d34848
3232b62bed3232321d323232eb32ec3232323232e3bc3232323232e8bb32323232322232933232324f32323234d33c3232
9494f6f6f6949494f6949494f694f6949494949469f69494949494baf69494949494dc94f6949494f6949494f6f6f69494
12125657ed121212e4121212fc12d512121212120eec121212121227581212121212b81261121212d212121244ec881212
f1f1b84b87f1f1f10bf1f1f1faf1eaf1f1f1f1f1dd76f1f1f1f1f17b48f1f1f1f1f13af1dcf1f1f17ef1f1f14c736df1f1
6666cffc7e6666667e6666667e667e66666666667e7e66666666667e7e66666666667e667e6666667e6666667e7e7e6666
d9d95e33bbd9d9d9c7d9d9d979d9add9d9d9d9d9311ad9d9d9d9d94244d9d9d9d9d91dd95bd9d9d994d9d9d9e6ed4cd9d9
8d8d0616408d8d8de58d8d8d6c8dd38d8d8d8d8d6caf8d8d8d8d8d6c6c8d8d8d8d8d6c8d6c8d8d8d6c8d8d8d6c6c6c8d8d
ffff8f8f8fffffff8fffffff8fff8fffffffffff8f31ffffffffff8f8fffffffffff8fff8fffffff8fffffff8f8f8fffff
0e0e6a2aad0e0e0efd0e0e0ec80eee0e0e0e0e0e7f3c0e0e0e0e0e2c080e0e0e0e0e2d0e610e0e0eb30e0e0e908f270e0e
c5c5347ca3c5c5c579c5c5c599c568c5c5c5c5c56868c5c5c5c5c56868c5c5c5c5c568c568c5c5c568c5c5c5686868c5c5
b3b3393939b3b3b339b3b3b339b339b3b3b3b3b33939b3b3b3b3b33939b3b3b3b3b339b342b3b3b339b3b3b3643939b3b3
5d5d9292925d5d5d925d5d5d925d925d5d5d5d5d92925d5d5d5d5d3c925d5d5d5d5d925d925d5d5d925d5d5d9292925d5d
4e4ed4f7304e4e4ed64e4e4e304e3e4e4e4e4e4e30e74e4e4e4e4e30e94e4e4e4e4e304ee54e4e4e304e4e4ecc30304e4e
fdfdbababafdfdfdbafdfdfdbafdbafdfdfdfdfdbabafdfdfdfdfdbabafdfdfdfdfdbafdbafdfdfdbafdfdfdbababafdfd
32321d1d1d3232321d3232321d321d32323232324e1d3232323232ae1d3232323232b5321d323232e632323225fc003232
1717fbbf05171717cf171717e917ae17171717176c1d1717171717dc5f1717171717e6171917171783171717d2240a1717
aaaacececeaaaaaaceaaaaaaceaac1aaaaaaaaaace67aaaaaaaaaacec9aaaaaaaaaaceaafbaaaaaaceaaaaaacececeaaaa
e3e31aec9be3e3e3dae3e3e31ce31fe3e3e3e3e3f6e2e3e3e3e3e39336e3e3e3e3e331e3eee3e3e356e3e3e3515701e3e3
ebeb23f728ebebeb38ebebeb40eb04ebebebebebb67cebebebebebfaa0ebebebebeb0eeb96ebebebacebebeb858580ebeb
fbfb6e0c04fbfbfbf9fbfbfb38fb99fbfbfbfbfbd650fbfbfbfbfb1638fbfbfbfbfb88fbb3fbfbfb62fbfbfba41a97fbfb
7575fe9c11757575d9757575a275507575757575ba2275757575750669757575757543753275757593757575d391ab7575
ffff7f3696ffffffe6ffffff15ff99ffffffffffa3c2ffffffffffbfd4ffffffffffdcfff6ffffff35ffffff2dd061ffff
58585c5c5c5858585c5858585c585c58585858585c5c58585858585c5c58585858585c585c5858585c5858585c5c5c5858
8f8f2d2d478f8f8f2d8f8f8ff18f2d8f8f8f8f8f782d8f8f8f8f8f952d8f8f8f8f8f2d8f2d8f8f8f2d8f8f8f2d2d2d8f8f
4949c8e2ac494949b3494949ff49ca494949494937f9494949494930434949494949de4919494949f0494949485d7a4949
2626c7c7c7262626c72626264b26c72626262626bec72626262626bdc726262626268c26c72626269f2626263a41c52626
b3b34f748eb3b3b350b3b3b3b4b3a3b3b3b3b3b3879fb3b3b3b3b36eb6b3b3b3b3b33db368b3b3b32bb3b3b39f065fb3b3
a0a0a4a4a4a0a0a0a4a0a0a0a4a0a4a0a0a0a0a0a4a4a0a0a0a0a0a4a4a0a0a0a0a0a4a0a4a0a0a0a4a0a0a0a430a4a0a0
b8b8616161b8b8b85bb8b8b861b80eb8b8b8b8b8615ab8b8b8b8b8619ab8b8b8b8b861b81cb8b8b861b8b8b8bb6161b8b8
a4a43a4c3ba4a4a4aea4a4a42ca4bca4a4a4a4a4cda4a4a4a4a4a4e453a4a4a4a4a4eaa473a4a4a4dda4a4a4633320a4a4
0808414141080808410808084108410808080808cd4108080808089b410808080808680841080808cd080808bd4a310808
9c9c014b9e9c9c9c539c9c9c499c6b9c9c9c9c9c9cba9c9c9c9c9c0c609c9c9c9c9c429c9d9c9c9c179c9c9cb9740d9c9c
3f3f55695a3f3f3f523f3f3f5a3f3a3f3f3f3f3f5aa23f3f3f3f3f5a373f3f3f3f3f5a3f5a3f3f3f5a3f3f3f5a5a5a3f3f
7e7e6a36447e7e7e917e7e7efe7ed07e7e7e7e7ed1d07e7e7e7e7ed0d07e7e7e7e7ed07ed07e7e7ed07e7e7ed0d0d07e7e
34343636363434343634343436343634343434345a36343434343466363434343434c03445343434c83434346366f33434
a5a5f4f4f4a5a5a5f4a5a5a5f4a599a5a5a5a5a5f4b5a5a5a5a5a5f475a5a5a5a5a5f4a598a5a5a5f4a5a5a565bbf4a5a5
b6b6eb3c13b6b6b603b6b6b675b603b6b6b6b6b67003b6b6b6b6b64903b6b6b6b6b6d2b603b6b6b603b6b6b6030303b6b6
323287d7c2323232d332323226322632323232322626323232323226263232323232263226323232263232322626263232
6868448477686868a26868688368ca686868686813de686868686863ac6868686868a768266868681e686868f0e1bc6868
6e6e8888ea6e6e6e886e6e6e616e886e6e6e6e6e7e886e6e6e6e6ee7886e6e6e6e6e0b6e886e6e6e886e6e6e8888886e6e
baba111111bababa11bababa11ba11bababababa1111bababababa1411bababababa11ba11bababa11bababa111111baba
d3d3ed6857d3d3d3d1d3d3d30bd3ccd3d3d3d3d36a7cd3d3d3d3d38338d3d3d3d3d328d3a6d3d3d312d3d3d33f3f60d3d3
49496829b049494905494949b049b04949494949b0b04949494949b0b04949494949b049b0494949b0494949b0b0b04949
5a5a0cc8fb5a5a5abc5a5a5a7e5a1b5a5a5a5a5a04dd5a5a5a5a5a20145a5a5a5a5a535ac25a5a5a965a5a5ad23d9d5a5a
2020bd0cb0202020bd202020c720bd2020202020bdbd2020202020bdbd2020202020bd20bd202020bd202020bdbdbd2020
36364c647d363636563636366b36e5363636363693c136363636360f783636363636b63640363636f536363631db283636
6f6f3838386f6f6f386f6f6f386f386f6f6f6f6f38386f6f6f6f6f38386f6f6f6f6f386f386f6f6fdb6f6f6f779c0a6f6f
505081fcd6505050ba5050505050d45050505050cbdd5050505050800250505050509350e8505050b05050504edeb45050
2323626262232323b72323236223f8232323232362ca23232323236226232323232362234023232362232323e8f0622323
bdbd3b8e5cbdbdbd9abdbdbd8fbd8cbdbdbdbdbd0a31bdbdbdbdbd1b68bdbdbdbdbdd9bd3ebdbdbd13bdbdbd84f9f4bdbd
acac545454acacac54acacac54ac39acacacacac5438acacacacac5454acacacacac54ac54acacac54acacac545454acac
c3c36bc532c3c3c31bc3c3c33fc374c3c3c3c3c3a54fc3c3c3c3c38550c3c3c3c3c387c308c3c3c3e6c3c3c3069075c3c3
3333817d66333333cd333333b433983333333333f04e3333333333e8a73333333333bd330033333337333333ae05a63333
161611922c161616bc161616c3167c161616161640581616161616cb511616161616d1168d161616541616164f6fdb1616
d4d4b2b2b2d4d4d4b2d4d4d4b2d4b9d4d4d4d4d4b262d4d4d4d4d4b2ebd4d4d4d4d4b2d4b2d4d4d4b2d4d4d4b2b2b2d4d4
d0d0fdfdfdd0d0d0fdd0d0d0fdd0fdd0d0d0d0d013fdd0d0d0d0d08dfdd0d0d0d0d018d0fdd0d0d052d0d0d0fd69ffd0d0
cbcbfb4191cbcbcbfacbcbcbdfcbb8cbcbcbcbcb9dbfcbcbcbcbcbdde8cbcbcbcbcba9cb4fcbcbcbcecbcbcb345711cbcb
7070bdbdbd707070bd707070c670bd7070707070bdbd7070707070bdbd7070707070bd70bd707070bd707070bdbdbd7070
e7e75675b8e7e7e7e8e7e7e70ae7bee7e7e7e7e72623e7e7e7e7e76638e7e7e7e7e7aee7c5e7e7e76ce7e7e7782d5ee7e7
cdcd878787cdcdcd87cdcdcd87cd87cdcdcdcdcd8787cdcdcdcdcd8787cdcdcdcdcd87cd87cdcdcd87cdcdcd878787cdcd
e4e45e5e5ee4e4e45ee4e4e421e45ee4e4e4e4e4565ee4e4e4e4e4465ee4e4e4e4e4e8e45ee4e4e438e4e4e45e5e5ee4e4
5d5de9d0255d5d5d955d5d5de35d335d5d5d5d5db7d25d5d5d5d5d029d5d5d5d5d5dbf5da65d5d5df75d5d5dabf7e75d5d
3b3b1d1d1d3b3b3b1d3b3b3b1d3b1d3b3b3b3b3b1d1d3b3b3b3b3b1d1d3b3b3b3b3b1d3b1d3b3b3b1d3b3b3b1d1d1d3b3b
f4f49ed390f4f4f4c4f4f4f4b4f406f4f4f4f4f43439f4f4f4f4f42793f4f4f4f4f46ef489f4f4f4edf4f4f43e8a3ff4f4
a0a00c0c0ca0a0a00ca0a0a00ca00ca0a0a0a0a00c0ca0a0a0a0a00c0ca0a0a0a0a00ca0d4a0a0a00ca0a0a00c0c0ca0a0
6767f2a18b67676708676767ee670d676767676768ef6767676767b6426767676767ea6766676767f06767671cf0016767
0c0c1badba0c0c0c300c0c0c080cfb0c0c0c0c0cb0800c0c0c0c0c071f0c0c0c0c0ced0c780c0c0c820c0c0cfa82180c0c
dfdfe7e7e7dfdfdfe7dfdfdfe7dfe7dfdfdfdfdfe780dfdfdfdfdfe72adfdfdfdfdfe7df77dfdfdfe7dfdfdfc9e7e7dfdf
2929010101292929012929290129012929292929012d2929292929010b2929292929012996292929012929295c01012929
0b0ba003cd0b0b0bfb0b0b0bcb0bc10b0b0b0b0b14d30b0b0b0b0b4fdf0b0b0b0b0bfe0bd70b0b0b660b0b0bb60aa50b0b
1616adadad161616ad161616ad16ad1616161616adad1616161616ad601616161616ad1697161616ad1616165914111616
9a9a3b3b3b9a9a9a3b9a9a9a909a3b9a9a9a9a9a863b9a9a9a9a9ad13b9a9a9a9a9a5a9a3b9a9a9a839a9a9aa225ed9a9a
5b5b959c9c5b5b5bd55b5b5b9c5bea5b5b5b5b5b9ca65b5b5b5b5b9cf85b5b5b5b5b9c5b7c5b5b5b9c5b5b5bfa9c9c5b5b
666624ba776666666d6666667766de6666666666775d666666666677986666666666776600666666776666669377776666
e1e1c4cecee1e1e11ce1e1e1cee1bfe1e1e1e1e1ce12e1e1e1e1e1cea8e1e1e1e1e1cee144e1e1e1cee1e1e1e3cecee1e1
6767a66de7676767876767673967f16767676767022867676767676eb56767676767cf6707676767ef676767e634996767
6565d91a406565658d6565656565f86565656565170d6565656565113865656565656665876565653a6565653ec5b96565
77777a7a7a7777777a7777777a777a77777777777a7a77777777777a7a77777777777a77d87777777a7777777a7a7a7777
f2f2248136f2f2f289f2f2f213f2f9f2f2f2f2f2aa6ff2f2f2f2f28985f2f2f2f2f205f2bff2f2f24af2f2f2291598f2f2
5b5b7d21225b5b5bca5b5b5b375b225b5b5b5b5bf6eb5b5b5b5b5b3b665b5b5b5b5b4d5b0d5b5b5bdb5b5b5b5d6c1f5b5b
78782d2d2d7878782d78787839782d7878787878f82d78787878784e2d7878787878f8782d787878c07878782d08877878
baba267be1bababa3abababa25ba01bababababa3357bababababaf392bababababa69ba34bababae9bababab8e94dbaba
b9b9ae0039b9b9b94eb9b9b91fb9b0b9b9b9b9b9740ab9b9b9b9b99766b9b9b9b9b9eab917b9b9b9cdb9b9b9a91a83b9b9
bebe8298a5bebebeafbebebe00beb2bebebebebeb2b2bebebebebeb2b2bebebebebeb2beb2bebebeb2bebebeb2b2b2bebe
c2c27a1ea2c2c2c2b8c2c2c2d3c2b3c2c2c2c2c27b4bc2c2c2c2c268a1c2c2c2c2c266c2efc2c2c207c2c2c29be940c2c2
5f5f0909095f5f5f095f5f5f095f095f5f5f5f5f09095f5f5f5f5f09d15f5f5f5f5f095f095f5f5f095f5f5f0909095f5f
2828c122f82828280628282810287d2828282828e28228282828280ca42828282828de28d028282881282828e1bb732828
caca2e9611cacaca99cacaca7ccaa9cacacacacae836cacacacaca111ecacacacaca3fca51cacacad9cacacaad8249caca
060614141406060614060606140614060606060614140606060606e61406060606066b06140606067606060614ed780606
f6f6e6cbaef6f6f6e6f6f6f6e2f6e6f6f6f6f6f6e0e6f6f6f6f6f62ee6f6f6f6f6f65af6e6f6f6f6e6f6f6f6e6e6e6f6f6
7373ababab737373ab737373ab73ab7373737373ab477373737373abf47373737373ab73e0737373ab7373736559ab7373
52528f17f052525237525252c652375252525252e78e525252525225085252525252d852245252529452525241e6375252
6666cd86dc666666fc6666662b665f666666666607f36666666666751c6666666666ab66de666666b36666661c69e16666
b0b0bf5eafb0b0b0abb0b0b0e4b073b0b0b0b0b0e4e4b0b0b0b0b0e4e4b0b0b0b0b0e4b0e4b0b0b0e4b0b0b0e4e4e4b0b0
0e0e11bc850e0e0ea90e0e0e590e360e0e0e0e0e5a620e0e0e0e0edb530e0e0e0e0e330e050e0e0e7d0e0e0e6d8e150e0e
9494e713469494944e94949495944b9494949494d5d49494949494d5c79494949494d594d5949494d5949494d5d5d59494
d6d6593c90d6d6d659d6d6d675d659d6d6d6d6d63f59d6d6d6d6d65959d6d6d6d6d659d659d6d6d659d6d6d6595959d6d6
070778df6f0707070807070726079607070707078dc707070707078f8f07070707078f078f0707078f0707078f8f8f0707
f0f0e0ec83f0f0f07bf0f0f017f0caf0f0f0f0f0bd1bf0f0f0f0f00641f0f0f0f0f005f0ebf0f0f0daf0f0f065d3e2f0f0
bfbfb3e02dbfbfbfc8bfbfbfcabfe4bfbfbfbfbf0869bfbfbfbfbf7432bfbfbfbfbf02bfe7bfbfbf04bfbfbf3821c1bfbf
7878f47eff7878782a787878e478327878787878389178787878789fee7878787878cc78a87878788f7878789dabc67878
6d6dfdfdfd6d6d6dfd6d6d6dfd6dfd6d6d6d6d6d89fd6d6d6d6d6dfdfd6d6d6d6d6dfd6dfd6d6d6dfd6d6d6dfdfdfd6d6d
b9b9adadadb9b9b9adb9b9b9adb9adb9b9b9b9b9adadb9b9b9b9b9adadb9b9b9b9b9adb9adb9b9b9adb9b9b992adadb9b9
21211cdf6a2121211f212121e121452121212121f4e92121212121fb8d2121212121b22162212121a52121213836302121
9494c3c3e0949494c3949494ca94c3949494949406c3949494949491c394949494945b94c3949494c3949494c3c3c39494
81810ff0bf818181c7818181c681c78181818181c7c78181818181c7c78181818181c781c7818181c7818181c7c7c78181
c1c1b7c3a9c1c1c143c1c1c1adc153c1c1c1c1c1ad63c1c1c1c1c10b0cc1c1c1c1c168c1d3c1c1c18cc1c1c10ceed9c1c1
f7f7242424f7f7f724f7f7f724f724f7f7f7f7f72424f7f7f7f7f72424f7f7f7f7f724f724f7f7f724f7f7f7242424f7f7
d5d5cdd47cd5d5d534d5d5d50dd54cd5d5d5d5d5abacd5d5d5d5d58910d5d5d5d5d572d535d5d5d5c8d5d5d5cce8b6d5d5
3f3f6969693f3f3f693f3f3f693f693f3f3f3f3f69693f3f3f3f3f69693f3f3f3f3f693f413f3f3f693f3f3f0069693f3f
7e7e6a1a7f7e7e7ea57e7e7e657e707e7e7e7e7e6a4b7e7e7e7e7e39827e7e7e7e7ebc7e257e7e7eb07e7e7e05bfe67e7e
6d6daeaeae6d6d6dae6d6d6dae6dae6d6d6d6d6daeae6d6d6d6d6daeae6d6d6d6d6dae6dae6d6d6dae6d6d6daeaeae6d6d
1313e6e6e6131313e6131313e613e61313131313e6e61313131313e6f71313131313e613e1131313e6131313cc18f81313
8c8c59a2318c8c8cd38c8c8c388c1f8c8c8c8c8c4d408c8c8c8c8cf37f8c8c8c8c8c2c8c5e8c8c8cb98c8c8c48bb4b8c8c
e7e7dddddde7e7e732e7e7e7dde7b9e7e7e7e7e7dd57e7e7e7e7e7ddbee7e7e7e7e7dde71be7e7e7dde7e7e7dddddde7e7
2020a2a2a2202020a2202020a220a22020202020a2a22020202020a2a22020202020a220a2202020a2202020a2a2a22020
3e3eb5b5b53e3e3eb53e3e3eb53eb53e3e3e3e3eb5403e3e3e3e3eb5b53e3e3e3e3eb53eb53e3e3eb53e3e3eb5b5b53e3e
7b7b383b3e7b7b7b687b7b7b497bf07b7b7b7b7b2b1b7b7b7b7b7b02577b7b7b7b7b267b377b7b7b4a7b7b7bf674e27b7b
5f5ff724065f5f5fd95f5f5ff25f8c5f5f5f5f5ffc225f5f5f5f5faf805f5f5f5f5f335f665f5f5f3a5f5f5fa32b715f5f
4e4e5cdede4e4e4ede4e4e4ede4ede4e4e4e4e4edede4e4e4e4e4edede4e4e4e4e4ede4ede4e4e4ede4e4e4ededede4e4e
a9a944557ca9a9a9c7a9a9a935a9a5a9a9a9a9a9ddc7a9a9a9a9a955dda9a9a9a9a97ea994a9a9a93fa9a9a9efd110a9a9
3b3bcbab9c3b3b3b963b3b3be53b4f3b3b3b3b3b555a3b3b3b3b3b40be3b3b3b3b3bae3b173b3b3b6f3b3b3b061cfa3b3b
35355ab349353535533535358e357335353535354063353535353539e435353535358b3508353535463535359802463535
e2e27b2b3ee2e2e2dee2e2e23ce2b3e2e2e2e2e2911ae2e2e2e2e2ff93e2e2e2e2e260e226e2e2e2d0e2e2e2e77626e2e2
9393a8a8a893939393939393a8937e9393939393a8a59393939393a85e9393939393a893d7939393a893939355a8a89393
0101af146b010101030101019a01440101010101fa200101010101c28b01010101015801110101014801010116736a0101
c6c6de959ac6c6c6a0c6c6c6a6c6a3c6c6c6c6c6e32bc6c6c6c6c67eb9c6c6c6c6c67dc696c6c6c6adc6c6c6956259c6c6
fdfd7d7d7dfdfdfd7dfdfdfd7dfd7dfdfdfdfdfd7d7dfdfdfdfdfd7d7dfdfdfdfdfd7dfd7dfdfdfd7dfdfdfd7d7d7dfdfd
2a2a5a60e32a2a2a1d2a2a2a492ad52a2a2a2a2ab82d2a2a2a2a2a9d2c2a2a2a2a2a4e2aad2a2a2a472a2a2ae72c072a2a
87878493af878787f28787872a8786878787878794688787878787821e87878787876387538787876d8787872d18f68787
5a5a3636765a5a5a365a5a5af35a365a5a5a5a5a36365a5a5a5a5a36365a5a5a5a5a365a365a5a5a365a5a5a3636365a5a
67670a6d2f6767676c6767676a679867676767676a3b67676767676a4c67676767676a67466767676a6767676a6a6a6767
cfcf979797cfcfcf97cfcfcf97cf97cfcfcfcfcf9797cfcfcfcfcf9797cfcfcfcfcfc9cf97cfcfcf72cfcfcf9797cacfcf
b3b3838383b3b3b3ccb3b3b383b3a4b3b3b3b3b383deb3b3b3b3b383b0b3b3b3b3b383b3eab3b3b383b3b3b3b98383b3b3
fbfb959595fbfbfb95fbfbfb95fb95fbfbfbfbfb9595fbfbfbfbfb9595fbfbfbfbfb95fb95fbfbfb95fbfbfb959595fbfb
d8d822e012d8d8d8add8d8d81cd8ccd8d8d8d8d81c1cd8d8d8d8d81c1cd8d8d8d8d81cd81cd8d8d81cd8d8d81c1c1cd8d8
d0d0158e7cd0d0d044d0d0d003d0ded0d0d0d0d0c4e0d0d0d0d0d07930d0d0d0d0d036d0d8d0d0d0c5d0d0d069a06fd0d0
5e5e9402415e5e5eb95e5e5e4b5e905e5e5e5e5e33195e5e5e5e5ed1a05e5e5e5e5e865eb35e5e5e245e5e5e604dd75e5e
9191c55e329191910a9191913591c491919191912df9919191919159c49191919191c19117919191459191911fcbfb9191
3b3b6a6a6a3b3b3b6a3b3b3b6a3b6a3b3b3b3b3b6a6a3b3b3b3b3b6a6a3b3b3b3b3b6a3bc43b3b3b6a3b3b3b0c6a6a3b3b
fcfca69777fcfcfcbefcfcfcfdfcf3fcfcfcfcfcd874fcfcfcfcfcf982fcfcfcfcfc06fc68fcfcfcf8fcfcfc1505dcfcfc
8181a8395c818181cf8181817d81c38181818181e02c818181818121bd8181818181ea81c4818181398181810e3cf28181
8888b7b7b7888888b7888888b788e18888888888b7c78888888888b7b88888888888b788eb888888b7888888b7b7b78888
f3f3badbb7f3f3f34cf3f3f33df314f3f3f3f3f30453f3f3f3f3f37b90f3f3f3f3f3d0f3d9f3f3f34ff3f3f34d567af3f3
d3d3e9e9e9d3d3d3e9d3d3d3e9d3e9d3d3d3d3d315e9d3d3d3d3d30ae9d3d3d3d3d333d3e9d3d3d3e9d3d3d3e9e9e9d3d3
efeff3f1f8efefefedefefef61ef7defefefefef0abdefefefefef0567efefefefefbdef19efefefceefefef4d4cf4efef
efef4e28c8efefef9defefefc2ef5defefefefef32acefefefefef4ef6efefefefeffbefe3efefeff3efefef5ddabaefef
b5b5da4b53b5b5b570b5b5b527b561b5b5b5b5b5ec84b5b5b5b5b5d1f2b5b5b5b5b55cb511b5b5b59cb5b5b545c094b5b5
75751e1e1e7575751e7575751e75fc75757575751e8b75757575751e3575757575751e75d57575751e757575fb291e7575
404075cc2e404040be404040d3407940404040402d66404040404037964040404040e5401e404040c7404040da9c444040
5e5e6bd23b5e5e5e035e5e5eed5e9b5e5e5e5e5eaea65e5e5e5e5e2b8e5e5e5e5e5ee75e515e5e5e305e5e5ed40b895e5e
abab1b1b1bababab1bababab1bab21ababababab1bddababababab1b80ababababab1bab60ababab1bababab1b1b1babab
b1b19f9f9fb1b1b19fb1b1b19fb19fb1b1b1b1b19f9fb1b1b1b1b19f9fb1b1b1b1b19fb19fb1b1b180b1b1b1c1956ab1b1
d9d9e8e8e8d9d9d9e8d9d9d9e8d9e8d9d9d9d9d9e9e8d9d9d9d9d9c4e8d9d9d9d9d944d9e8d9d9d936d9d9d9e8e8e8d9d9
1919b2d62e1919190e191919cc191b191919191922ca1919191919b07419191919199c192d19191961191919374de81919
d2d2a1d837d2d2d2c2d2d2d27ed232d2d2d2d2d28122d2d2d2d2d2b19fd2d2d2d2d23ed248d2d2d2cdd2d2d2b35fc1d2d2
0707cbcbcb070707cb070707cb07cb0707070707cbcb0707070707cbcb0707070707cb07cb070707cb070707cbcbcb0707
5d5d4080405d5d5def5d5d5dd75d5b5d5d5d5d5d31715d5d5d5d5d931a5d5d5d5d5d595d1c5d5d5d0c5d5d5dca557c5d5d
252500e6de2525251f252525ca258d2525252525ce2e25252525258df925252525259a25162525258a252525347c272525
9f9ff0f0f09f9f9ff09f9f9ff09ff09f9f9f9f9f36f09f9f9f9f9ff0f09f9f9f9f9ff09ff09f9f9ff09f9f9ff0f0f09f9f
9e9edadada9e9e9e499e9e9eda9e2b9e9e9e9e9eda9e9e9e9e9e9eda309e9e9e9e9eda9e709e9e9eda9e9e9e1ccdbd9e9e
5f5f5dcd215f5f5f115f5f5f745f465f5f5f5f5fe3005f5f5f5f5f27275f5f5f5f5f275f275f5f5f275f5f5f2727275f5f
fdfd1f9a9afdfdfd94fdfdfd9afdd2fdfdfdfdfd9ae4fdfdfdfdfd9abafdfdfdfdfd9afdc2fdfdfd9afdfdfd9a9a9afdfd
4242d7d7d7424242d7424242d742774242424242d7184242424242d73b4242424242d742d6424242d0424242f43c594242
3f3fe7e7e73f3f3fe73f3f3fe73fe73f3f3f3f3fe7e73f3f3f3f3f0d9f3f3f3f3f3fe93fb13f3f3fb43f3f3fdf77063f3f
eaead0cafbeaeaea48eaeaeaa8ea19eaeaeaeaea699deaeaeaeaea4654eaeaeaeaea36eacdeaeaea1feaeaea1ce0e4eaea
0505e3a7eb0505059e050505b6059e05050505052b9e05050505050f9e05050505059e059e0505059e0505059e9e9e0505
4545bebebe454545be454545be45be4545454545bebe4545454545be174545454545be4571454545be454545bebebe4545
5e5e532cae5e5e5e6c5e5e5e885e055e5e5e5e5e338e5e5e5e5e5e8d565e5e5e5e5ef65e305e5e5e1b5e5e5e8d4fb45e5e
4b4be5d0254b4b4bf84b4b4b504bd74b4b4b4b4bdace4b4b4b4b4b560a4b4b4b4b4b1e4ba94b4b4b9c4b4b4b7f09c54b4b
12127d7d7d1212127d1212127d127d1212121212387d12121212127f7d121212121286127d121212531212127d7d7d1212
bfbf0e7ca6bfbfbf9ebfbfbf0dbffabfbfbfbfbf0da3bfbfbfbfbf014fbfbfbfbfbf80bfa1bfbfbf39bfbfbfdff09bbfbf
7171b40778717171a7717171c171947171717171f32f7171717171572c71717171715d71fc717171a2717171a4f9d17171
050565656505050565050505650565050505050565650505050505656505050505056505be050505650505050fd8f60505
3333c9c95b333333c9333333b933c9333333333322c9333333333390c933333333338433c9333333ea333333c9c9c93333
e6e6670781e6e6e636e6e6e636e636e6e6e6e6e63636e6e6e6e6e63636e6e6e6e6e636e636e6e6e636e6e6e6363636e6e6
c5c58a8a8ac5c5c58ac5c5c58ac58ac5c5c5c5c58ab3c5c5c5c5c58abec5c5c5c5c58ac5ffc5c5c58ac5c5c569cb8ac5c5
5858c22ae5585858c35858582a581a5858585858cfc658585858588d4d585858585819580f585858605858586eb4ad5858
f1f15e5e5ef1f1f15ef1f1f15ef15ef1f1f1f1f15e5ef1f1f1f1f15e5ef1f1f1f1f15ef15ef1f1f15ef1f1f15e5e5ef1f1
e1e16a6a6ae1e1e16ae1e1e16ae16ae1e1e1e1e16a6ae1e1e1e1e16a6ae1e1e1e1e16ae16ae1e1e16ae1e1e16a6a6ae1e1
eaea19a369eaeaea71eaeaeaa5eacceaeaeaeaea2077eaeaeaeaea8441eaeaeaeaea58ea50eaeaea41eaeaea811e1ceaea
6f6f6401576f6f6fb26f6f6ffd6fc76f6f6f6f6ffac76f6f6f6f6fc72c6f6f6f6f6f616fed6f6f6fcc6f6f6f2a4c5a6f6f
8686560b0b868686c48686860b862f86868686860b8586868686860b7386868686860b867c8686860b8686863e0b0b8686
cbcbe848c6cbcbcba4cbcbcb43cb0dcbcbcbcbcb1937cbcbcbcbcb2de1cbcbcbcbcb0bcb8ccbcbcb7ecbcbcb965da4cbcb
32323131a53232323132323202323132323232326031323232323218313232323232313231323232313232323131313232
bdbd286fe3bdbdbd4fbdbdbd88bd80bdbdbdbdbda7ecbdbdbdbdbd0512bdbdbdbdbdc8bdf2bdbdbd52bdbdbd20e777bdbd
1e1e5353531e1e1e531e1e1e531e531e1e1e1e1e53531e1e1e1e1e53531e1e1e1e1e931e531e1e1e011e1e1ed89d321e1e
4141d0d0d04141411e414141d041044141414141d0264141414141d0f84141414141d041db414141d0414141d0d0d04141
f3f36b4165f3f3f391f3f3f3c5f395f3f3f3f3f3c5b7f3f3f3f3f3c525f3f3f3f3f3c5f309f3f3f3c5f3f3f3c5c5c5f3f3
222219bfcd222222ad222222f122d0222222222229c32222222222f8f82222222222f822f8222222f8222222f8f8f82222
6565acf32c656565106565651165de656565656596c765656565658ab265656565658f65056565659b656565ba72166565
1212d0819712121208121212b4123f1212121212e2291212121212392212121212128f1279121212e2121212a923621212
040475c33d040404010404049404c00404040404fdc0040404040410c00404040404c004c0040404c0040404c0c0c00404
c7c7362448c7c7c787c7c7c724c716c7c7c7c7c7352cc7c7c7c7c7b7eec7c7c7c7c7bac7a5c7c7c75ac7c7c71ddd31c7c7
444435fd684444443a4444449c442a444444444407d14444444444a23244444444447c44e4444444ed4444443833314444
eeeea1a1a1eeeeeea1eeeeeea1eea1eeeeeeeeeea1a1eeeeeeeeeea171eeeeeeeeee30eee9eeeeee80eeeeeeeb6cbdeeee
3e3e69c23f3e3e3e2a3e3e3e8a3efe3e3e3e3e3e91d93e3e3e3e3e011c3e3e3e3e3e7e3e093e3e3e7d3e3e3e1607f33e3e
e3e3a9a9a9e3e3e3e5e3e3e3a9e343e3e3e3e3e3a98ee3e3e3e3e3a9b8e3e3e3e3e3a9e3cfe3e3e3a9e3e3e3a9a9a9e3e3
f4f45fa39bf4f4f450f4f4f40bf439f4f4f4f4f4a890f4f4f4f4f40319f4f4f4f4f4edf412f4f4f4e0f4f4f485f47ef4f4
1111de2dbc111111fb1111119711481111111111e9371111111111547d111111111174116c111111e7111111365dbf1111
0e0ee9e9bd0e0e0ee90e0e0ef40ee90e0e0e0e0eede90e0e0e0e0ecfe90e0e0e0e0ef70ee90e0e0e760e0e0ee9e98d0e0e
3a3a8a67323a3a3af13a3a3ae23a673a3a3a3a3a0faf3a3a3a3a3a800f3a3a3a3a3aef3a593a3a3a243a3a3a7635313a3a
6969e6b450696969186969690869816969696969d0f0696969696996ad69696969694569126969693b696969ecaf776969
0c0c727da70c0c0cf30c0c0ce50cf30c0c0c0c0cf3f30c0c0c0c0cf3f30c0c0c0c0cf30cf30c0c0cf30c0c0cf3f3f30c0c
acac23d14eacacac23acacac01ac23acacacacacb523acacacacac7423acacacacac23ac23acacac23acacac232323acac
252530c727252525502525252f25e92525252525d0002525252525d0d02525252525d025d0252525d0252525d0d0d02525
0b0bababab0b0b0bab0b0b0bab0bab0b0b0b0b0babab0b0b0b0b0babab0b0b0b0b0bab0bab0b0b0bab0b0b0bababab0b0b
eaea1abaf8eaeaeaa8eaeaea4bea96eaeaeaeaea6289eaeaeaeaea9b2deaeaeaeaeacfea4ceaeaea14eaeaea440387eaea
666673d40c6666661c66666654668c6666666666b1516666666666ff1f66666666667766296666662366666689cf236666
838312262a838383f1838383a9832a838383838312ee8383838383a8ff83838383833d830e8383837c8383836f17b48383
e7e7b57215e7e7e75fe7e7e7eae792e7e7e7e7e750ebe7e7e7e7e791cbe7e7e7e7e762e74ae7e7e77be7e7e71a72c8e7e7
d8d8424242d8d8d842d8d8d842d842d8d8d8d8d8a642d8d8d8d8d8f542d8d8d8d8d850d842d8d8d8aad8d8d8424242d8d8
eaeafcfb96eaeaeaf6eaeaea5fea6feaeaeaeaea906feaeaeaeaea6f6feaeaeaeaeafdea6feaeaea6feaeaea6f6f6feaea
eaea9c9c9ceaeaea9ceaeaead3ea9ceaeaeaeaea5f9ceaeaeaeaea049ceaeaeaeaea9cea9ceaeaea9ceaeaea9c9c9ceaea
b8b8d9bcd1b8b8b8c4b8b8b8fab82bb8b8b8b8b8b916b8b8b8b8b8261fb8b8b8b8b8d8b854b8b8b807b8b8b832b070b8b8
7a7a8383837a7a7a8b7a7a7a837a6c7a7a7a7a7a83837a7a7a7a7a83837a7a7a7a7a837a837a7a7a837a7a7a8383837a7a
949437373794949437949494379437949494949437379494949494378b94949494943794fc94949437949494ce37379494
919163ebc19191912a919191c291129191919191f2479191919191c4db919191919166915e919191759191919598ab9191
17174e4e4e1717174e1717174e174e17171717174e0817171717174e1717171717174e172e1717174e1717174e4e4e1717
d5d5d5d5d5d5d5d5d5d5d5d5d5d5d5d5d5d5d5d5d5d5d5d5d5d5d5d5d5d5d5d5d5d5d5d5a3d5d5d5d5d5d5d5d5d5d5d5d5
6f6f8c97306f6f6fb86f6f6f706f1c6f6f6f6f6fc6e66f6f6f6f6f4d3f6f6f6f6f6f586f056f6f6ff86f6f6fb5b3ba6f6f
5c5c85b2eb5c5c5c155c5c5c445c825c5c5c5c5ce1d05c5c5c5c5c33e95c5c5c5c5ce65c3f5c5c5cee5c5c5ced4f705c5c
cccce397f4cccccc0cccccccebcc93ccccccccccb6d2cccccccccccb4ccccccccccc75cc77cccccc2ecccccc1f9745cccc
7a7a3030307a7a7a307a7a7aa07a307a7a7a7a7a2f307a7a7a7a7a30307a7a7a7a7a307a307a7a7a307a7a7a3030307a7a
e0e0a5d374e0e0e0ade0e0e074e0f1e0e0e0e0e074cee0e0e0e0e07450e0e0e0e0e074e0ede0e0e074e0e0e0747474e0e0
dada3d454edadada00dadada14dab6dadadadada99dddadadadadabf34dadadadadad3da4cdadadabddadada76dae7dada
4e4eb609af4e4e4ed84e4e4efe4e9e4e4e4e4e4ebb6b4e4e4e4e4e640d4e4e4e4e4eae4e4a4e4e4e854e4e4ecd1b574e4e
fefee334f1fefefe71fefefea3fedcfefefefefe11a6fefefefefe8afdfefefefefe74fe53fefefe16fefefe1d6d0afefe
9999abe6ee999999ec9999997499099999999999161699999999990fed99999999996d995999999955999999c7b57e9999
6c6cfdfdfd6c6c6cfd6c6c6cfd6cfd6c6c6c6c6cfdfd6c6c6c6c6cfdfd6c6c6c6c6cfd6cfd6c6c6cfd6c6c6cfdfdfd6c6c
4343a2f631434343744343436e43fc4343434343249d434343434357604343434343a243bb4343431c4343432dc52c4343
7f7f552fd07f7f7fe67f7f7ff37fdf7f7f7f7f7fd25d7f7f7f7f7f0c517f7f7f7f7f0a7fe47f7f7fbe7f7f7fac78b07f7f
ecec090909ececec09ececec09ec09ececececec0909ececececec09a2ececececec09ec8fececec09ecececdd3d09ecec
b4b4d4a000b4b4b482b4b4b47cb474b4b4b4b4b4a6e0b4b4b4b4b439f5b4b4b4b4b458b499b4b4b4eab4b4b43d77c4b4b4
5555d5031a55555576555555a25577555555555592205555555555ebf955555555552855b0555555e255555576b27f5555
e0e08f1acde0e0e09ae0e0e0cbe00de0e0e0e0e0563fe0e0e0e0e0a8d6e0e0e0e0e084e09ee0e0e00fe0e0e0cf04f0e0e0
1c1c9d9d9d1c1c1ca21c1c1c9d1ccc1c1c1c1c1c9d9d1c1c1c1c1c9d9d1c1c1c1c1c9d1c9d1c1c1c9d1c1c1c9d9d9d1c1c
cacabbbbbbcacacabbcacacabbcabbcacacacacabbbbcacacacacabbbbcacacacacabbcabbcacacabbcacacabbbbbbcaca
f8f837b68ef8f8f8d0f8f8f82ff8eaf8f8f8f8f8eaeaf8f8f8f8f8eaeaf8f8f8f8f8eaf8eaf8f8f8eaf8f8f8eaeaeaf8f8
bebe64a99cbebebeb2bebebebdbed8bebebebebebfd3bebebebebe1318bebebebebee6be48bebebec1bebebee6485ebebe
6767e1994a676767e6676767f767606767676767f2be6767676767855967676767672d67766767679c676767baa1c16767
e9e9d5d5d5e9e9e9d5e9e9e9d5e9d5e9e9e9e9e9d527e9e9e9e9e9d58be9e9e9e9e9a2e99fe9e9e91fe9e9e9116786e9e9
e9e9e0e0e0e9e9e9e0e9e9e9e0e9e0e9e9e9e9e978e0e9e9e9e9e967e0e9e9e9e9e902e9e0e9e9e9a0e9e9e9e0e095e9e9
dbdb4f2cdbdbdbdbafdbdbdb1adb79dbdbdbdbdb93d4dbdbdbdbdb14dfdbdbdbdbdb61dbcadbdbdb58dbdbdb625dfddbdb
c0c0b3b3b3c0c0c0b3c0c0c0b3c0b3c0c0c0c0c0b3b3c0c0c0c0c0b3b3c0c0c0c0c0b3c0b3c0c0c0b3c0c0c0b3b3b3c0c0
4b4ba3d2134b4b4ba34b4b4b824ba34b4b4b4b4b0aa34b4b4b4b4b07a34b4b4b4b4ba34ba34b4b4ba34b4b4ba3a3a34b4b
5a5a44ac4a5a5a5a645a5a5a4a5a8a5a5a5a5a5a4a7a5a5a5a5a5a4aa25a5a5a5a5a4a5a515a5a5a4a5a5a5a4a4a4a5a5a
e5e52ee84ee5e5e587e5e5e52ce5cbe5e5e5e5e5a5b7e5e5e5e5e584f4e5e5e5e5e56de565e5e5e5b0e5e5e5393143e5e5
0808bf7a0f080808570808082c08c40808080808befc080808080847880808080808010865080808df0808086310d90808
d0d01fb121d0d0d05bd0d0d0b3d02ed0d0d0d0d020d2d0d0d0d0d01771d0d0d0d0d048d052d0d0d0d9d0d0d099f441d0d0
8a8a324ae38a8a8a188a8a8aca8ac08a8a8a8a8a31908a8a8a8a8a84008a8a8a8a8a548a108a8a8a828a8a8a9c36888a8a
f5f5303030f5f5f530f5f5f5abf530f5f5f5f5f5df30f5f5f5f5f58530f5f5f5f5f5ccf530f5f5f569f5f5f5303096f5f5
19196060601919194419191960196019191919196060191919191960601919191919601960191919601919196060601919
e8e884afcde8e8e88ae8e8e828e89ce8e8e8e8e844d1e8e8e8e8e80b85e8e8e8e8e85de807e8e8e89ae8e8e83a520de8e8
1818c1c1c1181818c1181818a918c1181818181869c1181818181877c11818181818c118c1181818c1181818c1c1c11818
6e6ed62bfd6e6e6e966e6e6e3a6e746e6e6e6e6e0bf56e6e6e6e6ec3a96e6e6e6e6e136e456e6e6e336e6e6e2484146e6e
6969ef89656969690669696968692369696969694d006969696969809c696969696988692a696969fa696969248b186969
a9a9727272a9a9a972a9a9a9b8a972a9a9a9a9a91372a9a9a9a9a9ce72a9a9a9a9a984a972a9a9a991a9a9a9727272a9a9
8888424242888888428888884288428888888888424288888888888a428888888888428842888888428888884242428888
84844242428484844284848442844284848484848342848484848409428484848484428442848484428484844242428484
50508213085050501b5050505950dc50505050502d175050505050c0605050505050df50f8505050225050508ecbbc5050
060619191906060619060606c20619060606060641190606060606711906060606069c0619060606190606061919190606
3333626262333333343333336233073333333333620c3333333333623d33333333336233c1333333623333336262623333
b6b6292929b6b6b629b6b6b629b629b6b6b6b6b65629b6b6b6b6b62629b6b6b6b6b6fab629b6b6b61fb6b6b6292929b6b6
36363838383636363836363638363836363636363838363636363638383636363636383638363636383636362356383636
65654242426565654265656542654265656565654242656565656542426565656565426542656565426565654242426565
a5a5777777a5a5a54ea5a5a577a5b5a5a5a5a5a5772ba5a5a5a5a57758a5a5a5a5a577a5e5a5a5a577a5a5a5777777a5a5
262679328d2626264f2626262126e92626262626560a26262626260fd626262626263c26c72626261f262626d9cf552626
3b3b5454543b3b3b543b3b3b543b543b3b3b3b3b54543b3b3b3b3b54543b3b3b3b3b543bef3b3b3b0e3b3b3bea254b3b3b
b3b3065007b3b3b3d6b3b3b38ab3bab3b3b3b3b32f6ab3b3b3b3b30178b3b3b3b3b35eb34fb3b3b3e5b3b3b340a339b3b3
4e4e86985a4e4e4ede4e4e4e454eef4e4e4e4e4e02544e4e4e4e4e009e4e4e4e4e4e214ede4e4e4e354e4e4e92e5914e4e
f7f70dc345f7f7f73df7f7f73bf73df7f7f7f7f7547ef7f7f7f7f7411ff7f7f7f7f7f8f7fcf7f7f7a3f7f7f77cfbeaf7f7
4545271a16454545c3454545fe45934545454545fef54545454545fec24545454545fe45fe454545fe454545fefefe4545
37379d6eb2373737eb373737b237423737373737c0f73737373737789e3737373737d63774373737463737379f56b53737
4e4e0a00384e4e4eb74e4e4e2b4e604e4e4e4e4e339b4e4e4e4e4ef0864e4e4e4e4e364e984e4e4e2d4e4e4eedce0d4e4e
3333b7daf9333333ed333333b1333e333333333361e033333333332046333333333389332d333333443333330002af3333
bebef2f2f2bebebef2bebebef2bef2bebebebebef2f2bebebebebe8fe6bebebebebed9beeebebebeadbebebeb74ca4bebe
a3a3b8f241a3a3a3b7a3a3a320a38fa3a3a3a3a320bea3a3a3a3a34283a3a3a3a3a378a398a3a3a3f7a3a3a3afa2d6a3a3
797960606079797960797979607960797979797960f27979797979604279797979796079e4797979607979796060607979
2e2e1278052e2e2ef52e2e2ed42eb22e2e2e2e2e553b2e2e2e2e2e1c6b2e2e2e2e2ea62ec42e2e2eeb2e2e2e06209d2e2e
8f8f5abb928f8f8f1d8f8f8f328f2e8f8f8f8f8faefe8f8f8f8f8f57ee8f8f8f8f8fb68f838f8f8fde8f8f8fff0ade8f8f
caca9478e5cacacaa4cacaca8ccaf5cacacacaca8361cacacacaca88c7cacacacaca32ca2bcacaca24cacacacac7c0caca
e6e67ff372e6e6e67fe6e6e67fe67fe6e6e6e6e67f7fe6e6e6e6e67f7fe6e6e6e6e67fe67fe6e6e67fe6e6e67f7f7fe6e6
a7a7e2e2e2a7a7a7e2a7a7a7e2a7e2a7a7a7a7a7e2e2a7a7a7a7a7e258a7a7a7a7a7e2a709a7a7a7e2a7a7a773e2e2a7a7
d8d81e2f27d8d8d8d1d8d8d825d8cbd8d8d8d8d84aaed8d8d8d8d8cc10d8d8d8d8d836d84ad8d8d8b0d8d8d85b00dad8d8
d4d44a062ed4d4d44ad4d4d408d44ad4d4d4d4d44d4ad4d4d4d4d4e64ad4d4d4d4d44ad44ad4d4d44ad4d4d44a4a4ad4d4
8585d7d7d785858517858585d785d78585858585d7d78585858585d7d78585858585d785d7858585d7858585d7d7d78585
f3f34737ccf3f3f33ef3f3f341f341f3f3f3f3f34141f3f3f3f3f34141f3f3f3f3f341f341f3f3f341f3f3f3414141f3f3
6666bebebe666666be666666be66be666666666628be6666666666a4be6666666666be66be666666be666666bebebe6666
b1b15789fcb1b1b1cfb1b1b14bb1e8b1b1b1b1b101a0b1b1b1b1b1dffeb1b1b1b1b1acb12fb1b1b1cdb1b1b161e207b1b1
bebe8d8d8dbebebe8dbebebe8dbe8dbebebebebe8d8dbebebebebe8df2bebebebebe8dbeeebebebe8dbebebe8d8d8dbebe
a4a49a9a9aa4a4a49aa4a4a49aa4f0a4a4a4a4a49af2a4a4a4a4a49a45a4a4a4a4a49aa498a4a4a49aa4a4a49a9a9aa4a4
4c4c0925a44c4c4c8f4c4c4ca74cb84c4c4c4c4ca5e64c4c4c4c4ccc824c4c4c4c4cf54c4d4c4c4cc34c4c4c0796864c4c
d5d5f2ad5fd5d5d5cbd5d5d57ed54ad5d5d5d5d5d7f3d5d5d5d5d5a1a8d5d5d5d5d562d5cfd5d5d5a4d5d5d57ebdd1d5d5
c0c0b69d13c0c0c09bc0c0c0abc00ec0c0c0c0c05249c0c0c0c0c00da4c0c0c0c0c087c091c0c0c06cc0c0c05f9991c0c0
3a3ae0bcc43a3a3a443a3a3a243af93a3a3a3a3a283a3a3a3a3a3af8793a3a3a3a3a763a8e3a3a3a023a3a3aaeccab3a3a
0505f22fa4050505430505050f0568050505050511e205050505054a1b0505050505e805f20505056d050505ea96750505
c8c8b3199ac8c8c8fac8c8c88ac856c8c8c8c8c84d0cc8c8c8c8c866d1c8c8c8c8c89cc875c8c8c839c8c8c81560a1c8c8
8989ebeb31898989eb898989c889eb898989898927eb898989898940eb89898989896289eb89898985898989ebebeb8989
ecec3b3b3bececec3bececec3bec3bececececec3b3bececececec3b3becececececbfec54ececec7aececec24ec63ecec
6363a54ce7636363cc6363632f63d36363636363b5a66363636363ac806363636363e5631e636363b2636363eb7da36363
ebeb0fe6d4ebebeb66ebebebe8eb9cebebebebeb7b64ebebebebebc63bebebebebeb79eb0cebebebffebebeb906f02ebeb
d1d1b1f488d1d1d136d1d1d192d1b3d1d1d1d1d162c4d1d1d1d1d12201d1d1d1d1d1d1d164d1d1d1ced1d1d117770ad1d1
6060eff68a606060d46060609a60ad6060606060465a6060606060df9e606060606062605e6060605760606040dd726060
fdfd8fca64fdfdfd2efdfdfddffdd9fdfdfdfdfd0e7bfdfdfdfdfd1ebcfdfdfdfdfd43fd07fdfdfddefdfdfdb016d3fdfd
9d9da006f99d9d9d749d9d9d219dc89d9d9d9d9dbfbf9d9d9d9d9dbfbf9d9d9d9d9dbf9dbf9d9d9dbf9d9d9dbfbfbf9d9d
f4f4f0f0f0f4f4f4f0f4f4f4f0f4f0f4f4f4f4f4f0c9f4f4f4f4f4f0f0f4f4f4f4f4f0f4f0f4f4f4f0f4f4f4f0f0f0f4f4
515132323251515132515151325132515151515132325151515151323251515151513251e0515151325151513332325151
70701d1d1d7070701d7070701d701d70707070701d1d70707070701d1d70707070701d701d7070701d7070701d126a7070
3c3c2d12993c3c3c603c3c3c463c7b3c3c3c3c3cb4ea3c3c3c3c3c4c4e3c3c3c3c3cef3ce33c3c3cec3c3c3c24f4b83c3c
95959519199595951d9595951995b1959595959519da959595959519a195959595951995eb959595199595959319199595
d9d9b49dccd9d9d954d9d9d906d9ced9d9d9d9d9019ad9d9d9d9d9a712d9d9d9d9d934d9afd9d9d91fd9d9d9a16bcfd9d9
454528152645454561454545e245e0454545454581be45454545450f0845454545456c4577454545d845454536fd9b4545
e4e4595959e4e4e459e4e4e4b1e459e4e4e4e4e46359e4e4e4e4e48f59e4e4e4e4e497e459e4e4e4fbe4e4e4fa1ea7e4e4
7c7ced86927c7c7cbd7c7c7c217cc77c7c7c7c7c0af77c7c7c7c7c39b37c7c7c7c7cc17c547c7c7ce77c7c7c9335f47c7c
bdbdf00378bdbdbd04bdbdbd10bdefbdbdbdbdbdc532bdbdbdbdbda62fbdbdbdbdbde6bd96bdbdbdb4bdbdbdee2780bdbd
6a6ab490376a6a6ab46a6a6ace6ab46a6a6a6a6ab4b46a6a6a6a6ab4b46a6a6a6a6ab46ab46a6a6ab46a6a6ab4b4b46a6a
83835454548383835483838354835483838383835454838383838354348383838383548354838383548383835454548383
b6b6fe9e42b6b6b650b6b6b647b6f6b6b6b6b6b697a5b6b6b6b6b6f42eb6b6b6b6b6d7b6f0b6b6b68ab6b6b6356eb6b6b6
24242dabfc242424e024242475240a242424242457f12424242424457c24242424246f240b2424243124242442e4462424
5d5dc6cd195d5d5d505d5d5dfd5d315d5d5d5d5d351b5d5d5d5d5df8e65d5d5d5d5d4d5d405d5d5d455d5d5d4fd6575d5d
4545fac7fa454545fa454545fa45fa4545454545fafa4545454545fafa4545454545fa45fa454545fa454545fafafa4545
92926cd731929292089292929b92839292929292d7cb92929292928fd49292929292549235929292ca929292b4b18a9292
171777721817171744171717ef17c2171717171793531717171717c4091717171717e117b61717176217171778221c1717
7c7ce8e8f67c7c7ce87c7c7c257ce87c7c7c7c7c13e87c7c7c7c7ce8e87c7c7c7c7ce87ce87c7c7ce87c7c7ce8e8e87c7c
3030f2590130303082303030383040303030303069403030303030616b30303030304c30ab3030305e303030df39653030
f2f27b7b7bf2f2f27bf2f2f237f27bf2f2f2f2f2f87bf2f2f2f2f2de7bf2f2f2f2f229f27bf2f2f294f2f2f27b7b7bf2f2
d7d7b4b4b4d7d7d7b4d7d7d7b4d7b4d7d7d7d7d7b4b4d7d7d7d7d795b4d7d7d7d7d7c9d7b4d7d7d717d7d7d7975c2ed7d7
5353ca1862535353f35353533853ab53535353538433535353535376bf53535353531e530b535353055353537ae6655353
d5d5f6f6f6d5d5d5f6d5d5d5f6d5f6d5d5d5d5d5f6f3d5d5d5d5d5f698d5d5d5d5d5f6d5d8d5d5d5f6d5d5d50738d2d5d5
1f1f4b4b4b1f1f1fc41f1f1f4b1f421f1f1f1f1f4b4d1f1f1f1f1f4bb11f1f1f1f1f4b1f431f1f1f4b1f1f1fd14b4b1f1f
7575b6b6b6757575b6757575b675b67575757575b6b67575757575b6b67575757575b275b67575756a757575b6b6e07575
4949eaeaea494949ea494949ea49ea4949494949eaea4949494949e7ea49494949493649ea4949492a494949eaeaf24949
060632c08d060606180606066406400606060606f3a6060606060621390606060606bb063b0606066c0606064a6bbd0606
43439e0aa9434343874343436a43d54343434343e5a94343434343f73f43434343432d433543434390434343bcafbb4343
575718d3315757579f575757cd57dc57575757574083575757575783315757575757f55707575757cb575757e0fbc65757
9696ed55559696969496969655960a969696969655b5969696969655559696969696559655969696559696965555559696
83836f6f6f8383836f8383836f836f83838383836fbe83838383836f5e83838383836f83118383836f8383835ca36f8383
a3a3308f89a3a3a3f1a3a3a383a3f1a3a3a3a3a3def1a3a3a3a3a316f1a3a3a3a3a387a3f1a3a3a3f1a3a3a3f1f1f1a3a3
4c4caafa914c4c4c224c4c4c064c264c4c4c4c4c6e6e4c4c4c4c4cd3d94c4c4c4c4c394c584c4c4c3a4c4c4c23bf034c4c
3f3f5d56f83f3f3fbf3f3f3f213f1f3f3f3f3f3fb0f73f3f3f3f3f9cf53f3f3f3f3f6d3ff63f3f3f9b3f3f3fc721413f3f
49499e9e9e4949499e4949499e49f649494949499e4949494949499e0649494949499e49e84949499e494949ae62884949
0202d6d6d6020202d6020202d602d60202020202d6d60202020202d6b50202020202d6022c020202530202021234510202
b0b054d98bb0b0b0fcb0b0b01db050b0b0b0b0b0f0f1b0b0b0b0b0b084b0b0b0b0b071b024b0b0b0e1b0b0b08be0a0b0b0
a9a92b2b2ba9a9a92ba9a9a92ba92ba9a9a9a9a92b2ba9a9a9a9a9152ba9a9a9a9a92ba925a9a9a93da9a9a9bb056aa9a9
7979533801797979807979791f798479797979791d5b79797979792b697979797979077969797979c0797979991db47979
1212107180121212bb121212b8127212121212129fe01212121212598f12121212128f12a41212129c121212e699121212
cfcff6f6f6cfcfcff6cfcfcff6cff6cfcfcfcfcff6f6cfcfcfcfcf68f6cfcfcfcfcf69cff6cfcfcf2ecfcfcffef788cfcf
65654c3a3b656565746565653b655665656565653b0d65656565653b7365656565653b65c46565653b6565653b3b3b6565
8080042126808080298080800e802a8080808080aacd808080808007598080808080ec80c48080803e808080b26b7e8080
04048b0dd204040408040404c904080404040404d3080404040404f0080404040404bc0408040404120404040808080404
20203998992020207620202060205020202020200f892020202020024020202020206920bc202020cb202020c0b9cb2020
282827585d2828289a2828289b28c8282828282804ad2828282828aab22828282828b528da28282896282828439b522828
e2e25c75b8e2e2e214e2e2e2b8e2b5e2e2e2e2e2e338e2e2e2e2e2a01ce2e2e2e2e2b8e2a5e2e2e2aae2e2e2fad245e2e2
2c2c6b6b6b2c2c2c6b2c2c2c6b2cc52c2c2c2c2c6bfa2c2c2c2c2c6b182c2c2c2c2c6b2cbd2c2c2c6b2c2c2c6b6b6b2c2c
7e7e2020207e7e7e207e7e7e207e207e7e7e7e7e20207e7e7e7e7e51207e7e7e7e7e207e207e7e7e207e7e7e2020207e7e
1e1e9b6bc91e1e1e461e1e1e461e8d1e1e1e1e1edad31e1e1e1e1ee0f61e1e1e1e1e6a1e501e1e1ea71e1e1e65b07d1e1e
7676033e3e7676763e7676763e763e76767676763e3e76767676763e3e76767676763e763e7676763e7676763e3e3e7676
6868180e5668686809686868e36846686868686853956868686868e169686868686880687d686868c96868689984236868
6e6ee9e9e96e6e6ee96e6e6ee96ee96e6e6e6e6ee9e96e6e6e6e6ee9c96e6e6e6e6ee96e166e6e6ee96e6e6ec2e9e96e6e
2424e4e4e4242424e4242424e424e42424242424e4e42424242424e4e42424242424e424e4242424e4242424e4e4e42424
ececf02a55ecececfdecececc0ec0dececececec5f4eecececececff46ececececec87ecbaececec88ececec95cd77ecec
9393e49d1d939393cf9393932693719393939393a39c9393939393b04293939393936c9374939393d1939393b21a919393
ebeb584c1aebebebd1ebebeb57eb2cebebebebebaa30ebebebebeb40a7ebebebebeb45eb6bebebeb9aebebeb100cceebeb
95959999999595959995959599959995959595959999959595959599419595959595999592959595999595958ce8999595
5555e0e0e0555555e0555555e055c65555555555e01e5555555555e0125555555555e0551e555555e05555558b26085555
8a8a463c858a8a8a488a8a8a5a8a278a8a8a8a8ab4398a8a8a8a8a62318a8a8a8a8ab78ac88a8a8ab78a8a8ae9caba8a8a
0e0e206b290e0e0e720e0e0e320e110e0e0e0e0ed5240e0e0e0e0ec67f0e0e0e0e0e300ecd0e0e0ef60e0e0e446deb0e0e
e9e9932d8fe9e9e90de9e9e98fe948e9e9e9e9e98f45e9e9e9e9e98f8fe9e9e9e9e98fe98fe9e9e98fe9e9e98f8f8fe9e9
fbfb878787fbfbfb87fbfbfb87fb87fbfbfbfbfb8787fbfbfbfbfb8787fbfbfbfbfb87fb87fbfbfb87fbfbfb878787fbfb
3636dd4abf363636673636365b360a3636363636dc103636363636cc8b3636363636b536153636361c3636369314913636
6767f0f0f0676767f0676767f067f06767676767f0f06767676767f0f06767676767f067f0676767f0676767f0f0f06767
a4a4919191a4a4a491a4a4a491a491a4a4a4a4a49191a4a4a4a4a49191a4a4a4a4a42ea491a4a4a4aaa4a4a40f4fc7a4a4
76765050507676765076767650765076767676765050767676767650507676767676507650767676507676765050507676
e3e32b7fe6e3e3e3fee3e3e353e347e3e3e3e3e353aae3e3e3e3e32323e3e3e3e3e323e323e3e3e323e3e3e3232323e3e3
7b7b2a3ebb7b7b7b1e7b7b7b5e7be87b7b7b7b7be7247b7b7b7b7b92977b7b7b7b7bd07b747b7b7b077b7b7bbca8367b7b
85854f4b5d8585855e85858558858a858585858525cf8585858585a0db8585858585a185cf85858502858585e70a898585
fafad62a9bfafafa0ffafafa9cfa48fafafafafa41f1fafafafafaaa5bfafafafafa02fac4fafafa73fafafa558798fafa
8a8ad1d1d18a8a8ad18a8a8ad18ad18a8a8a8a8ad1d18a8a8a8a8af1d18a8a8a8a8a478ad18a8a8a088a8a8add9b7d8a8a
76762ca6577676761176767603769376767676761c387676767676dec27676767676ea7625767676b6767676c0d4287676
6d6d7171716d6d6d6c6d6d6d716d7e6d6d6d6d6d71936d6d6d6d6d71286d6d6d6d6d716d636d6d6d716d6d6d7171716d6d
7171876262717171d07171716271a27171717171629e717171717162f0717171717162714471717162717171be62627171
4444f4c8164444443844444429448144444444440a0544444444444904444444444415441a4444444f44444490850c4444
eaea1d1d1deaeaea1deaeaea1dea1deaeaeaeaea1d1deaeaeaeaea1d1deaeaeaeaea1dea1deaeaea1deaeaea1d1d1deaea
98982803a49898989898989893985398989898986b529898989898eb809898989898d398e4989898999898986eb2b69898
67672f66d2676767f3676767cd670d6767676767182d6767676767180e6767676767186718676767186767671818186767
e9e98913fbe9e9e923e9e9e940e987e9e9e9e9e91690e9e9e9e9e94acae9e9e9e9e9c6e912e9e9e9bde9e9e9957f1fe9e9
2222585858222222582222225822582222222222585822222222227b582222222222bb2258222222812222225887fd2222
babac9c9c9bababac9bababac9bac9bababababac9c9bababababac9c9bababababac9bac9bababa64bababac9c91cbaba
e2e2d75685e2e2e248e2e2e2ace2b2e2e2e2e2e28566e2e2e2e2e2a8ede2e2e2e2e27be2e9e2e2e269e2e2e217354fe2e2
cbcb06a52ccbcbcbbecbcbcbd9cb0ecbcbcbcbcb5f0ecbcbcbcbcbae0ecbcbcbcbcb43cb0ecbcbcb0ecbcbcb0e0e0ecbcb
2d2dd6d6d62d2d2dd62d2d2dd62dd62d2d2d2d2dd6582d2d2d2d2dd6832d2d2d2d2dd62dd62d2d2dd62d2d2dd6d6d62d2d
19193b3b3b1919193b1919193b193b19191919193b3b1919191919883b191919191969193b1919193f1919193b3b3b1919
515166dad451515197515151a451975151515151ba97515151515166975151515151c05197515151de5151519797975151
9a9aa9a9a99a9a9aa99a9a9aa99aa99a9a9a9a9aa9a99a9a9a9a9aa9a99a9a9a9a9aa99aa99a9a9aa99a9a9aa9a9a99a9a
6c6c4444446c6c6c446c6c6c446c446c6c6c6c6c449d6c6c6c6c6c44446c6c6c6c6c446c446c6c6c446c6c6c4444446c6c
3d3de36f263d3d3d813d3d3dd03da13d3d3d3d3daa3a3d3d3d3d3d840a3d3d3d3d3d9d3d2d3d3d3de23d3d3d3a96543d3d
97974ea80697979714979797ed97c197979797975609979797979731219797979797d7978e979797eb97979761db6a9797
d0d002ad42d0d0d042d0d0d05ed0fed0d0d0d0d076b9d0d0d0d0d08b68d0d0d0d0d0a5d095d0d0d05ed0d0d083236fd0d0
7f7fdec7937f7f7f937f7f7fec7fa67f7f7f7f7f30a67f7f7f7f7f36a67f7f7f7f7feb7fa67f7f7fa67f7f7fa6a6a67f7f
2d2da0e8702d2d2d8b2d2d2d622d792d2d2d2d2dba782d2d2d2d2d38b12d2d2d2d2d6f2d862d2d2d5a2d2d2d0be5c22d2d
d8d8a23d9ed8d8d8a2d8d8d8f8d8a2d8d8d8d8d809a2d8d8d8d8d8a2a2d8d8d8d8d8a2d8a2d8d8d8a2d8d8d8a2a2a2d8d8
2a2ae67d852a2a2a3b2a2a2a322a4b2a2a2a2a2a8aa52a2a2a2a2acaa72a2a2a2a2a8a2a072a2a2a782a2a2aa77ab12a2a
d9d94db550d9d9d9c0d9d9d9dfd9f2d9d9d9d9d9c34ed9d9d9d9d96b72d9d9d9d9d90dd972d9d9d9d1d9d9d93e645fd9d9
ebeb54f97bebebeb8febebeb71ebd7ebebebebebfcf5ebebebebebcd1aebebebebeb42eb88ebebebe2ebebeb95a70eebeb
8686bfbfbf868686bf868686bf86bf8686868686bfa38686868686bf3886868686869a86838686867986868696583f8686
8d8d937d558d8d8dbb8d8d8d4f8db58d8d8d8d8d4f698d8d8d8d8d4f158d8d8d8d8d4f8d798d8d8d4f8d8d8d4f4f4f8d8d
6666313131666666316666664e6631666666666697316666666666dd316666666666e46631666666316666663131316666
1a1a54ff1a1a1a1a3b1a1a1a101a0f1a1a1a1a1a46441a1a1a1a1afb511a1a1a1a1ab31aad1a1a1aec1a1a1ad9ff411a1a
7070818181707070817070708170817070707070818170707070708170707070707081701e707070817070703520817070
c1c1933ea8c1c1c16ac1c1c178c1f5c1c1c1c1c157f7c1c1c1c1c1fef7c1c1c1c1c123c135c1c1c1d7c1c1c10c0c29c1c1
7a7afd110e7a7a7a047a7a7a027a047a7a7a7a7ad7047a7a7a7a7a8c047a7a7a7a7a047a047a7a7a047a7a7a0404047a7a
7676879554767676787676760976dd7676767676e8d076767676763f6376767676768376bd76767619767676fde5147676
f3f3cbcbcbf3f3f3cbf3f3f3cbf3b2f3f3f3f3f3cb4bf3f3f3f3f3cb0cf3f3f3f3f3cbf30bf3f3f3cbf3f3f35ef9cbf3f3
a3a3d8ea60a3a3a3a0a3a3a31ba3b5a3a3a3a3a36517a3a3a3a3a3a79fa3a3a3a3a349a3f2a3a3a324a3a3a36c014ba3a3
0606bcbcbc060606bc060606bc06bc0606060606bcbc0606060606bcb90606060606bc06bf060606bc060606bcbcbc0606
1d1d4d4d4d1d1d1d4d1d1d1d4d1d4d1d1d1d1d1d4d4d1d1d1d1d1d4d4d1d1d1d1d1d4d1d4d1d1d1d4f1d1d1d65c6d21d1d
0909844e8c0909094c0909092b09550909090909fd480909090909c5920909090909550932090909cb09090927b4130909
a2a2e8e8e8a2a2a2e8a2a2a2e8a2e8a2a2a2a2a2e8e8a2a2a2a2a295e8a2a2a2a2a228a2e8a2a2a265a2a2a2e8e8e8a2a2
39391313133939399c39393913391339393939391313393939393913133939393939133913393939133939391313133939
c5c5bf76fbc5c5c5a1c5c5c5c2c57ec5c5c5c5c5256ec5c5c5c5c56728c5c5c5c5c559c510c5c5c5a9c5c5c577013dc5c5
6666400b5f6666664f6666660266596666666666319e66666666664c096666666666d86633666666e8666666f1dc7a6666
24244109a8242424c5242424f624fe242424242489b524242424249059242424242413246b24242413242424dee6ee2424
3131212121313131213131312131213131313131292131313131311a213131313131ee3121313131223131312121213131
252562c5832525254a25252554257e252525252512a02525252525fb85252525252508253125252574252525f643c32525
ebeb2c2c2cebebeb2cebebeb2ceb2cebebebebeb2c2cebebebebeb2c2cebebebebeb2ceb2cebebeb6eebebeb45ba01ebeb
9d9d39f5979d9d9de39d9d9deb9de19d9d9d9d9db9989d9d9d9d9d4bf99d9d9d9d9d2d9d7f9d9d9dca9d9d9d0fe3aa9d9d
d3d3c0d5ded3d3d37dd3d3d33dd308d3d3d3d3d3250dd3d3d3d3d3330ad3d3d3d3d3a1d3d6d3d3d383d3d3d3562742d3d3
55555e5e5e5555555e5555555e555e55555555555e5e55555555555e5e55555555555e555e5555555e55555509ffc55555
6f6fa8a8a86f6f6fa86f6f6fa86fa86f6f6f6f6fa8a86f6f6f6f6fa8a86f6f6f6f6fa86fa86f6f6fa86f6f6fa8a8a86f6f
4646158d6446464683464646be463846464646467f384646464646fd384646464646384638464646384646463838384646
fbfb5b5b5bfbfbfb5bfbfbfb29fb5bfbfbfbfbfb575bfbfbfbfbfba15bfbfbfbfbfbb2fb5bfbfbfb58fbfbfb821477fbfb
2d2dd19ec22d2d2d092d2d2ded2def2d2d2d2d2d1b7e2d2d2d2d2d5c072d2d2d2d2d132d3d2d2d2dea2d2d2da043462d2d
2d2daeeaa42d2d2d332d2d2ddc2d112d2d2d2d2d316f2d2d2d2d2d1a762d2d2d2d2dd92d362d2d2d712d2d2d156c732d2d
0f0ff9f9f90f0f0ff90f0f0ff90f6e0f0f0f0f0ff9710f0f0f0f0ff96c0f0f0f0f0ff90f990f0f0ff90f0f0fcba5f90f0f
c7c747ef0ec7c7c73ec7c7c75ec77cc7c7c7c7c7d377c7c7c7c7c7396cc7c7c7c7c702c750c7c7c71ac7c7c72fc26cc7c7
b2b2a8a8a8b2b2b2a8b2b2b2a8b2a8b2b2b2b2b2a842b2b2b2b2b2a840b2b2b2b2b2a8b29cb2b2b2a8b2b2b213a8a8b2b2
fefe08cfcefefefe42fefefe5cfe42fefefefefe7742fefefefefeb042fefefefefef5fe42fefefe42fefefe424242fefe
7272000000727272007272720072007272727272000072727272720000727272727200720072727200727272cddbe97272
75753b3b3b7575753b7575753b753b75757575753b3b75757575753baa75757575753b753b7575753b7575753b3b3b7575
d7d75bc56ad7d7d753d7d7d791d7b5d7d7d7d7d70498d7d7d7d7d77b43d7d7d7d7d7dfd783d7d7d73fd7d7d71c2aeed7d7
b3b313e63eb3b3b3f8b3b3b33eb39fb3b3b3b3b33e26b3b3b3b3b33e3eb3b3b3b3b33eb33eb3b3b33eb3b3b33e3e3eb3b3
b8b85b5b5bb8b8b85bb8b8b85bb85bb8b8b8b8b85b5bb8b8b8b8b85b77b8b8b8b8b85bb83bb8b8b85bb8b8b8745962b8b8
2727dedede272727de272727de27de2727272727dede2727272727dede2727272727de27de272727de272727dedede2727
5c5c7474745c5c5c745c5c5c745c745c5c5c5c5c74745c5c5c5c5c74745c5c5c5c5c745c745c5c5c745c5c5c7474745c5c
dede5c5c5cdedede52dedede5cde25dedededede5c95dedededede5ca5dedededede5cde17dedede5cdedede5b5c5cdede
5d5d5757575d5d5d575d5d5d575d055d5d5d5d5d57935d5d5d5d5d572e5d5d5d5d5d575df85d5d5d575d5d5d1257575d5d
33333f9872333333203333331e33bc33333333334d6933333333334d4d33333333334d334d3333334d3333334d4d4d3333
47473535354747473547474735473547474747473535474747474784354747474747414735474747064747476a5c4c4747
3c3c8d90333c3c3cdc3c3c3cb03cd73c3c3c3c3c3dd63c3c3c3c3cddf53c3c3c3c3cdc3cb73c3c3cad3c3c3c7b003b3c3c
5a5aa32cf05a5a5ae05a5a5aef5af95a5a5a5a5a38465a5a5a5a5a61875a5a5a5a5a935a1a5a5a5a7c5a5a5ad538a65a5a
69694a4a4a6969694a6969694a694a69696969694a4a69696969694a4a69696969694f694a696969466969694a4a986969
fbfb1e1682fbfbfb1efbfbfb82fb01fbfbfbfbfb8282fbfbfbfbfb8282fbfbfbfbfb82fb82fbfbfb82fbfbfb828282fbfb
2c2cc795582c2c2c132c2c2cf02c1b2c2c2c2c2c00932c2c2c2c2cefbd2c2c2c2c2ce22c992c2c2cc72c2c2c6be0252c2c
8c8ccc695a8c8c8ca48c8c8c6e8c428c8c8c8c8cc8fe8c8c8c8c8cc8c88c8c8c8c8cc88cc88c8c8cc88c8c8cc8c8c88c8c
9d9d5297329d9d9dde9d9d9db59deb9d9d9d9d9dd3839d9d9d9d9dd5fe9d9d9d9d9d399d4a9d9d9df99d9d9d5f5ffd9d9d
e3e3aecf2ee3e3e33ae3e3e382e382e3e3e3e3e38282e3e3e3e3e38282e3e3e3e3e382e382e3e3e382e3e3e3828282e3e3
e9e9227c1ce9e9e950e9e9e964e933e9e9e9e9e97ee9e9e9e9e9e953a2e9e9e9e9e9c1e964e9e9e9eee9e9e9edf54ae9e9
b5b55f029bb5b5b5c2b5b5b55db5b5b5b5b5b5b58645b5b5b5b5b58ca3b5b5b5b5b5afb585b5b5b55eb5b5b5cd6f69b5b5
33339bd30f333333c1333333dc33633333333333a09a333333333371cb33333333338f334d333333c9333333c154103333
323202020232323202323232023202323232323202023232323232d1023232323232d232023232324b3232320202023232
5b5ba6a6a65b5b5ba65b5b5ba65ba65b5b5b5b5b94a65b5b5b5b5b1ba65b5b5b5b5b7a5ba65b5b5b335b5b5ba6a6a65b5b
eaea454545eaeaea45eaeaea45ea45eaeaeaeaea4545eaeaeaeaea453ceaeaeaeaea45ea6feaeaea45eaeaeaa5c445eaea
6b6bdfdfdf6b6b6bdf6b6b6bdf6bdf6b6b6b6b6bdfdf6b6b6b6b6bdfdf6b6b6b6b6bdf6bdf6b6b6bdf6b6b6bdfdfdf6b6b
52522d2d2d5252522d5252522d522d52525252522d2d5252525252ac2d5252525252d3522d525252a8525252b649a15252
f3f3434343f3f3f343f3f3f343f343f3f3f3f3f34343f3f3f3f3f34343f3f3f3f3f343f343f3f3f343f3f3f3434343f3f3
fefe04b111fefefe57fefefe38fe00fefefefefe81a8fefefefefe82bbfefefefefe7ffe91fefefe25fefefe0958c6fefe
2323939393232323d423232393237023232323239393232323232393932323232323932393232323932323239393932323
ebeb17f6a6ebebeb74ebebeb5beb67ebebebebeb4437ebebebebeb01c2ebebebebeb33eb24ebebeb16ebebebf03d4aebeb
383873af6e38383818383838ce38ab38383838385bde38383838387eb3383838383851384e38383830383838f239c93838
3b3bc361e33b3b3bab3b3b3b743bc13b3b3b3b3bda203b3b3b3b3b27e73b3b3b3b3b4b3b9e3b3b3b4c3b3b3b1e71603b3b
d2d22be365d2d2d2fed2d2d236d26fd2d2d2d2d2f762d2d2d2d2d2b5e4d2d2d2d2d2c6d278d2d2d2bbd2d2d2098e71d2d2
e7e7e2e2e2e7e7e7e2e7e7e7e2e7e2e7e7e7e7e715e2e7e7e7e7e7c5e2e7e7e7e7e707e7e2e7e7e72fe7e7e7e2e2e2e7e7
e5e5809807e5e5e5fce5e5e55ce528e5e5e5e5e5766de5e5e5e5e5d005e5e5e5e5e5f1e591e5e5e575e5e5e5e9963ce5e5
7878ffffff787878ff7878787478ff7878787878c7ff78787878786dff7878787878cd78ff7878784b787878ffe2bd7878
b5b5911cc6b5b5b53fb5b5b5d0b50ab5b5b5b5b5010db5b5b5b5b51d29b5b5b5b5b5cbb59bb5b5b57db5b5b579f56cb5b5
c5c5c4c4c4c5c5c5c4c5c5c5c4c5c4c5c5c5c5c5c4c4c5c5c5c5c5c492c5c5c5c5c5c4c503c5c5c5c4c5c5c5a6aec4c5c5
5151c0c0ed515151c05151517b51c0515151515162c0515151515175c051515151518751c051515125515151c01eef5151
0e0eb115f00e0e0ed60e0e0ead0e7c0e0e0e0e0eeef20e0e0e0e0e59700e0e0e0e0e3f0ec40e0e0e740e0e0e54bad60e0e
2828e8e8e8282828e8282828e828e82828282828e8e82828282828e8e82828282828e828b1282828e8282828a177b82828
faface3c74fafafaccfafafa82fa97fafafafafa6f42fafafafafa1987fafafafafa4ffa82fafafa94fafafa04ef09fafa
4e4ef9477e4e4e4e0e4e4e4e784e7d4e4e4e4e4e30514e4e4e4e4ebe354e4e4e4e4e8d4e994e4e4e474e4e4e4ee3934e4e
9494072d2d949494ff9494942d94b694949494942d9994949494942d5994949494942d94169494942d9494942d2d2d9494
bebedadadabebebedabebebedabedabebebebebedadabebebebebedadabebebebebedabedabebebef8bebebe190af3bebe
b8b8132905b8b8b868b8b8b879b8f3b8b8b8b8b82523b8b8b8b8b8efefb8b8b8b8b8efb8efb8b8b8efb8b8b8efefefb8b8
666681b140666666716666662866cd6666666666597a6666666666104d66666666666f661166666616666666da666f6666
79797a6b1e79797987797979ba79157979797979f28c79797979797cd679797979790079db7979797a797979a72ad47979
dada222222dadada22dadada22da22dadadadada2222dadadadada2222dadadadada22da22dadada22dadada222222dada
adad4747caadadad47adadad47ad47adadadadad4747adadadadad4747adadadadad47ad47adadad47adadad474747adad
333376765333333376333333d933763333333333c376333333333367763333333333bc33763333333133333376258c3333
23230b9c9c232323052323239c233723232323239cf023232323239ce023232323239c23672323239c2323239c9c9c2323
4848333333484848334848483348c74848484848337c484848484833034848484848334804484848fc4848488bf7334848
98984837629898984d9898984698fb989898989810c3989898989801b998989898989298e0989898df989898d6c71f9898
7f7f87341c7f7f7f247f7f7fc67ffd7f7f7f7f7f4faa7f7f7f7f7fb3227f7f7f7f7fe47ff07f7f7f687f7f7fb812057f7f
babaa0a0a0bababaa0bababaa0ba87bababababaa0f3bababababaa0a0bababababaa0baa0bababaa0bababaa0a0a0baba
8686d601e5868686b0868686e8861d86868686862e038686868686ad7e8686868686e78607868686978686868aad4b8686
cfcf78e7e7cfcfcf98cfcfcfe7cf8ccfcfcfcfcfe750cfcfcfcfcfe747cfcfcfcfcfe7cf23cfcfcfe7cfcfcfe7e7e7cfcf
e2e2930e31e2e2e291e2e2e22be26de2e2e2e2e2ad12e2e2e2e2e2eeb5e2e2e2e2e2d4e24ee2e2e200e2e2e20c2496e2e2
5d5d6102e55d5d5d085d5d5daa5d845d5d5d5d5dacdc5d5d5d5d5d90185d5d5d5d5d175db95d5d5da15d5d5daddb3d5d5d
3535153d7835353590353535a435e13535353535e0723535353535b94335353535358a3559353535b43535351bc7163535
6868679baa68686864686868aa68406868686868aa026868686868aa226868686868aa68aa686868aa686868aaaaaa6868
aaaafcdf6eaaaaaa62aaaaaa42aa65aaaaaaaaaa511aaaaaaaaaaa035baaaaaaaaaac4aab9aaaaaa6caaaaaa08b36baaaa
f0f0934136f0f0f087f0f0f082f09bf0f0f0f0f08434f0f0f0f0f0206cf0f0f0f0f087f0d9f0f0f06ef0f0f0a66cb1f0f0
9090c8c8c8909090c8909090c890c89090909090c8c890909090909ac89090909090a490c8909090c8909090c8c8c89090
f1f1276379f1f1f12cf1f1f179f1ecf1f1f1f1f17954f1f1f1f1f17998f1f1f1f1f179f179f1f1f179f1f1f1797979f1f1
8b8b917fd38b8b8b878b8b8bbf8b578b8b8b8b8b417c8b8b8b8b8b69758b8b8b8b8b018bc48b8b8be08b8b8ba2b0e78b8b
5d5d1616165d5d5d165d5d5d165d1c5d5d5d5d5d16405d5d5d5d5d16165d5d5d5d5d165d165d5d5d165d5d5d1616165d5d
2121888bd3212121f1212121ed21e321212121211bc5212121212194852121212121c221f3212121992121213acbda2121
98988686869898988698989886988698989898988686989898989883d098989898982198a198989892989898fd6b559898
dedeb6b6b6dededeb6dededeb6deb6dededededeb6b6dededededeb6b6dededededebddeb6dedede28dedededdc2c4dede
8e8e4d5ab68e8e8e2d8e8e8e6b8e5a8e8e8e8e8e78428e8e8e8e8e49a48e8e8e8e8e178e5d8e8e8e2e8e8e8e51449c8e8e
2f2f3bf6012f2f2f032f2f2fd12fb32f2f2f2f2f75d52f2f2f2f2f8fb62f2f2f2f2f212fac2f2f2f892f2f2f4628142f2f
0f0f3f3f3f0f0f0f3f0f0f0f3f0f3f0f0f0f0f0f3f3f0f0f0f0f0f3f0f0f0f0f0f0f3f0f940f0f0f3f0f0f0ff59dd30f0f
acac0e5672acacac54acacacf9ac97acacacacac4457acacacacac4af5acacacacac64acdeacacac6cacacac49e0e4acac
9e9e0e0e0e9e9e9e0e9e9e9e0e9e0e9e9e9e9e9ebc0e9e9e9e9e9e9d0e9e9e9e9e9e269e0e9e9e9eb49e9e9e0e64d89e9e
7f7f16873c7f7f7ff27f7f7f5b7f207f7f7f7f7fcd9f7f7f7f7f7f26e97f7f7f7f7f757f797f7f7f307f7f7f6634e97f7f
3737e45c7d3737377c3737377d377d37373737377d7d37373737377d7d37373737377d377d3737377d3737377d7d7d3737
2525cdcdcd25252513252525cd25cd2525252525cdcd2525252525cdcd2525252525cd25cd252525cd252525cdcdcd2525
4f4f4b24244f4f4f584f4f4f244f644f4f4f4f4f24094f4f4f4f4f24bf4f4f4f4f4f244fed4f4f4f244f4f4fa73b244f4f
cfcff8b070cfcfcfa0cfcfcf61cfabcfcfcfcfcf914dcfcfcfcfcfc04dcfcfcfcfcfcfcfc8cfcfcfd0cfcfcfe85282cfcf
dbdb2bdff2dbdbdb2fdbdbdb8ddbeadbdbdbdbdb7978dbdbdbdbdbd202dbdbdbdbdb9ddb92dbdbdbd3dbdbdba8eaf7dbdb
f4f47f7f7ff4f4f47ff4f4f47ff47ff4f4f4f4f47f7ff4f4f4f4f4a97ff4f4f4f4f47cf47ff4f4f47ef4f4f47f7fd1f4f4
8a8a5425de8a8a8af68a8a8aec8ae98a8a8a8a8a18158a8a8a8a8a00fd8a8a8a8a8ae78a0e8a8a8ac98a8a8a479aba8a8a
b3b3e527e4b3b3b392b3b3b3bdb3eab3b3b3b3b35e72b3b3b3b3b342cdb3b3b3b3b39eb351b3b3b37ab3b3b3043283b3b3
11118989891111114911111189118911111111118989111111111189891111111111891189111111891111118989891111
e8e8f14555e8e8e86ce8e8e8a2e8dbe8e8e8e8e87653e8e8e8e8e8f066e8e8e8e8e8cce8a0e8e8e881e8e8e8a7e157e8e8
02025d9d5d0202025d0202025d025d02020202025d5d02020202025d5d02020202025d025d0202025d0202025d5d5d0202
aeae8c0b0baeaeae7eaeaeae0baeb9aeaeaeaeae0b91aeaeaeaeae0b04aeaeaeaeae0bae02aeaeae0baeaeae36530baeae
0808aed3a60808083f080808f908500808080808b9b90808080808cc5108080808080e08c30808089c080808ad95260808
a1a1dc2bf4a1a1a17ea1a1a113a1eea1a1a1a1a1d031a1a1a1a1a17cefa1a1a1a1a1f8a1faa1a1a140a1a1a121d13da1a1
666697b66e666666726666662766496666666666d1fb6666666666a3936666666666b76604666666c6666666c890d16666
f4f46a1313f4f4f4b7f4f4f413f4bbf4f4f4f4f4135df4f4f4f4f4132af4f4f4f4f413f459f4f4f413f4f4f45ac713f4f4
ebeb35587eebebeb0bebebeb91eb4aebebebebeb600cebebebebeba03eebebebebeb46eb76ebebeb11ebebebde37caebeb
bdbde44d8fbdbdbd67bdbdbd16bd52bdbdbdbdbd78c1bdbdbdbdbd5186bdbdbdbdbda5bde7bdbdbd71bdbdbdf38d71bdbd
c1c192a3d1c1c1c18fc1c1c15dc1a8c1c1c1c1c1b965c1c1c1c1c1004ac1c1c1c1c1bcc1bcc1c1c11fc1c1c1704f49c1c1
9292b6b6b6929292b6929292b692b69292929292b6b69292929292b6b69292929292b692b6929292b8929292b6b6b69292
f0f0b21428f0f0f0c6f0f0f000f0f2f0f0f0f0f0cd2cf0f0f0f0f01946f0f0f0f0f0c8f065f0f0f0c6f0f0f093796cf0f0
b4b4696969b4b4b469b4b4b469b469b4b4b4b4b46969b4b4b4b4b4fd69b4b4b4b4b4e7b469b4b4b4a4b4b4b469a598b4b4
8787be3c968787878787878752876e87878787878d8e87878787878d8d87878787878d878d8787878d8787878d8d8d8787
33333f4c4a33333343333333a0330a3333333333979c33333333332c4e33333333333b3320333333ad3333333366213333
9f9f8b90e29f9f9f5d9f9f9fe29fe29f9f9f9f9fe2a59f9f9f9f9fe2e29f9f9f9f9fe29fe29f9f9fe29f9f9fe2e2e29f9f
d5d5d756a2d5d5d5e1d5d5d577d543d5d5d5d5d52162d5d5d5d5d5508fd5d5d5d5d52ad5d1d5d5d538d5d5d55f3690d5d5
a8a8604629a8a8a876a8a8a86da849a8a8a8a8a885fea8a8a8a8a8c919a8a8a8a8a8f0a8d0a8a8a88ca8a8a8cb4f66a8a8
0e0e5959590e0e0e590e0e0e590e590e0e0e0e0e59590e0e0e0e0e59590e0e0e0e0e590e510e0e0e590e0e0e5959590e0e
9191ce90ad91919169919191dd91a29191919191bf229191919191d8aa91919191912891be919191ce919191a6800e9191
c6c62f455fc6c6c6f5c6c6c615c61bc6c6c6c6c6af42c6c6c6c6c62b92c6c6c6c6c6d3c619c6c6c646c6c6c6aec9b4c6c6
6f6f65bdbd6f6f6fa46f6f6fbd6f4a6f6f6f6f6fbd026f6f6f6f6fbdd76f6f6f6f6fbd6fe56f6f6fbd6f6f6f15bdbd6f6f
0909819f9f0909091c0909099f092809090909099f9f09090909099f9f09090909099f099f0909099f0909099f9f9f0909
1313171717131313171313131713c413131313131704131313131317171313131313171317131313171313131717171313
8c8caeaeae8c8c8cae8c8c8cae8cae8c8c8c8c8cae858c8c8c8c8caeae8c8c8c8c8cae8cae8c8c8cae8c8c8caeaeae8c8c
a4a4b2b2b2a4a4a4b2a4a4a4b2a446a4a4a4a4a4b25ca4a4a4a4a4b2bda4a4a4a4a4b2a430a4a4a4b2a4a4a4b2b2b2a4a4
3939321faf393939703939393539a8393939393935dc393939393935993939393939353935393939353939393535353939
aaaa303030aaaaaa30aaaaaa30aa30aaaaaaaaaa3030aaaaaaaaaa3030aaaaaaaaaa30aa30aaaaaa30aaaaaa537830aaaa
cfcfbcbcbccfcfcfbccfcfcfbccfbccfcfcfcfcfbcbccfcfcfcfcfbcbccfcfcfcfcfbccfbccfcfcfbccfcfcfbcbcbccfcf
77776a6a6a7777776a777777f1776a77777777771e6a7777777777506a77777777774f776a777777507777776a6dde7777
939303030393939303939393039303939393939303e6939393939303f093939393930393fd939393e3939393b1fbec9393
49498ec42d494949b6494949eb49614949494949a9814949494949bfee4949494949dc49ae494949594949497312804949
0c0c7e7e7e0c0c0c7e0c0c0c7e0c7e0c0c0c0c0c7e7e0c0c0c0c0c7e7e0c0c0c0c0c7e0c7e0c0c0c0b0c0c0c7e7e7e0c0c
b6b60b9b46b6b6b6b8b6b6b6e6b67cb6b6b6b6b6d15ab6b6b6b6b688d6b6b6b6b6b6d6b62db6b6b61fb6b6b6e56a23b6b6
eded7e13d7ededed78ededed8fed46ededededed87d7ededededede00bededededed1cedb2ededed29ededed852ea5eded
8686929292868686448686869286f886868686869226868686868692f786868686869286f7868686928686869292928686
c3c37aff7fc3c3c353c3c3c3bac389c3c3c3c3c352f7c3c3c3c3c38ab5c3c3c3c3c34ec340c3c3c31cc3c3c3c907e6c3c3
e3e3a89d6ae3e3e340e3e3e396e3d6e3e3e3e3e31c14e3e3e3e3e312d5e3e3e3e3e3b8e362e3e3e3e5e3e3e3576127e3e3
6b6b6817146b6b6b2c6b6b6b8f6bd16b6b6b6b6b5ac06b6b6b6b6be30c6b6b6b6b6b536b436b6b6b4b6b6b6bce39dc6b6b
bdbdd7d7d7bdbdbd07bdbdbdd7bdecbdbdbdbdbdd74bbdbdbdbdbdd725bdbdbdbdbdd7bdb3bdbdbdd7bdbdbdadd7d7bdbd
81811e1e1e8181811e8181811e811e81818181811e1e81818181811e1e818181818175811e8181812f8181811e73458181
6d6dcb577d6d6d6d6f6d6d6d2c6d9a6d6d6d6d6da0de6d6d6d6d6d5a206d6d6d6d6d496d026d6d6db76d6d6d489b696d6d
0909ba7d58090909900909098509b2090909090944520909090909e435090909090981099809090925090909e681c70909
9c9c6d6d6d9c9c9c6d9c9c9c6d9caf9c9c9c9c9c6d169c9c9c9c9c6d6d9c9c9c9c9c6d9c6d9c9c9c6d9c9c9c6d6d6d9c9c
acac7d7d7dacacac7dacacac7dac7dacacacacac7d83acacacacac7d2facacacacac7dac28acacac7dacacac7d7d7dacac
9595fcc13a95959579959595e895ae9595959595b5109595959595689795959595951d95f195959572959595e238e29595
bfbfdb77ebbfbfbfbcbfbfbfc9bf07bfbfbfbfbf76b8bfbfbfbfbf16d4bfbfbfbfbf23bfc8bfbfbf74bfbfbf46c3ebbfbf
8d8dc6c6b18d8d8dc68d8d8d898dc68d8d8d8d8da7c68d8d8d8d8d6bc68d8d8d8d8dc68dc68d8d8dc68d8d8dc6c6c68d8d
050505c840050505e1050505740526050505050574a1050505050574740505050505740574050505740505057474740505
b1b16489bab1b1b15eb1b1b153b179b1b1b1b1b13ed9b1b1b1b1b1dd36b1b1b1b1b107b106b1b1b1b3b1b1b1734fd2b1b1
626203d274626262eb626262b962a16262626262c51262626262624ded62626262621562996262626c62626206436b6262
5353dbdbdb535353db535353db53db5353535353dbdb5353535353dbdb5353535353db53db535353db535353dbdbdb5353
2d2dca9e062d2d2d1e2d2d2d8a2d642d2d2d2d2de0d12d2d2d2d2d45b42d2d2d2d2d542d852d2d2d962d2d2d8cf5202d2d
e0e023f467e0e0e0bee0e0e03be04be0e0e0e0e0ecb2e0e0e0e0e09029e0e0e0e0e08ee043e0e0e08ce0e0e00d0f18e0e0
adad5d5861adadad40adadada9ad81adadadadad4094adadadadadf7f9adadadadadcbade0adadad46adadad8a0042adad
ceced7d7c2cecece25cececed9ce7bcecececece67c6cececececee6f9cecececece02ce22cececef4cecece7cc346cece
0a0a2828280a0a0a280a0a0a280a280a0a0a0a0a28280a0a0a0a0a28280a0a0a0a0a280a280a0a0a280a0a0a2828280a0a
13131b1313131313fa131313b813c91313131313bba31313131313350013131313138c13e9131313411313139fa2ed1313
cacae2e2e2cacacae2cacacae2cae2cacacacacae2e2cacacacacae2e2cacacacacae2cae2cacacae2cacacae2e2e2caca
0f0f5556680f0f0f180f0f0ffb0f8b0f0f0f0f0fe3d60f0f0f0f0f0ae00f0f0f0f0f1a0f070f0f0fa00f0f0fbdf8a90f0f
aaaa810ad4aaaaaa77aaaaaac3aa2eaaaaaaaaaa0898aaaaaaaaaa5f02aaaaaaaaaa4aaad3aaaaaa75aaaaaaf4bf05aaaa
e3e3060606e3e3e306e3e3e306e306e3e3e3e3e30606e3e3e3e3e30606e3e3e3e3e306e306e3e3e306e3e3e3067506e3e3
4646fa4fb94646462d464646a646a3464646464690b5464646464621fa46464646469446a446464644464646527dcd4646
2626627b06262626d1262626462624262626262664002626262626b70126262626262326aa2626262b26262640902a2626
5858dddddd585858dd585858dd58dd5858585858dddd5858585858dddd5858585858dd58dd585858dd585858dddddd5858
d0d03737ddd0d0d037d0d0d090d037d0d0d0d0d0fb37d0d0d0d0d05c37d0d0d0d0d02ad037d0d0d059d0d0d0373737d0d0
f5f5c1c1c1f5f5f5c1f5f5f5c1f5c1f5f5f5f5f5c1c1f5f5f5f5f5c1c1f5f5f5f5f5c1f5c1f5f5f50cf5f5f5c1c1c1f5f5
070759b7b5070707470707076307f2070707070758280707070707b50707070707079d07910707079c070707c452830707
ebeb85f7e8ebebeb47ebebeb36eb6eebebebebeb37ceebebebebeb8223ebebebebebcdebfaebebebb0ebebeb377624ebeb
5858df774e585858f8585858c158d258585858584ae3585858585880e858585858586058ec5858588a5858582760ba5858
3c3c9baacd3c3c3c343c3c3c073cbb3c3c3c3c3c746e3c3c3c3c3cbf103c3c3c3c3c5e3c963c3c3c1b3c3c3c52e3953c3c
686858c4166868688b68686849689b686868686802ae686868686807946868686868e868826868687e686868482e516868
f2f2afa3a9f2f2f234f2f2f291f2a0f2f2f2f2f2e007f2f2f2f2f28be9f2f2f2f2f2b5f2bbf2f2f25bf2f2f27cb802f2f2
6d6d71861d6d6d6d126d6d6df66d386d6d6d6d6ddb656d6d6d6d6d1fe96d6d6d6d6dbc6d7e6d6d6d956d6d6d9460fe6d6d
c8c8272727c8c8c827c8c8c827c827c8c8c8c8c82727c8c8c8c8c82727c8c8c8c8c827c827c8c8c827c8c8c8272727c8c8
1111f6fd40111111b21111113c11521111111111e2fb11111111115a521111111111f81197111111d211111192bf7e1111
5151627a5a515151675151514251335151515151701d515151515153ae51515151514351ac515151835151512f178c5151
474733333347474733474747334749474747474733ea4747474747336c474747474733471c474747334747473333334747
d1d18fb61dd1d1d17bd1d1d16ed187d1d1d1d1d11b66d1d1d1d1d1a5d6d1d1d1d1d1a5d1d7d1d1d107d1d1d105c649d1d1
1212f8f8f8121212f8121212f812f81212121212f8f81212121212f8f81212121212bc12f8121212f8121212f8f8f81212
7a7ac65bdd7a7a7ae57a7a7ab47aa47a7a7a7a7a5a8f7a7a7a7a7a320f7a7a7a7a7ad87a797a7a7a8f7a7a7ab01be27a7a
878737373787878737878787378737878787878737e5878787878737378787878787378737878787378787873737378787
323239629f32323255323232d632f532323232327f223232323232c43f3232323232b332ee323232943232323eb9563232
36364747473636364736363647364736363636364747363636363647473636363636473647363636473636364747473636
111174702c11111174111111de1184111111111164d71111111111e5d611111111117311c01111112a11111137897b1111
e5e5458f12e5e5e54de5e5e54ae59be5e5e5e5e5e20be5e5e5e5e552f9e5e5e5e5e555e58de5e5e55ce5e5e590208ce5e5
20209a9a9a2020209a2020209a209a20202020209a1020202020209afd20202020209a20c62020209a202020845c9a2020
c6c6041530c6c6c60bc6c6c694c65cc6c6c6c6c69b03c6c6c6c6c64818c6c6c6c6c6e4c688c6c6c623c6c6c658e689c6c6
7c7c81599e7c7c7cc47c7c7c9e7cc07c7c7c7c7c9e557c7c7c7c7c9e1d7c7c7c7c7c9e7cde7c7c7c9e7c7c7c9e9e9e7c7c
1b1b0606061b1b1b061b1b1b061bab1b1b1b1b1b06e11b1b1b1b1b06661b1b1b1b1b061bab1b1b1b061b1b1b0606061b1b
7c7c65e4e07c7c7ca87c7c7c087c237c7c7c7c7cb9bc7c7c7c7c7c00ed7c7c7c7c7cd27c2f7c7c7c017c7c7c4038367c7c
69691ba5c7696969036969695f6932696969696924d76969696969b6cb69696969695f690f6969692469696948a23f6969
7f7fa35e2c7f7f7fcd7f7f7f857fdc7f7f7f7f7f2e9c7f7f7f7f7f87da7f7f7f7f7f617f627f7f7ff27f7f7fa40dc67f7f
e9e919e09fe9e9e91de9e9e9f4e9c0e9e9e9e9e988c1e9e9e9e9e97d8ae9e9e9e9e958e975e9e9e9b6e9e9e9e40ba1e9e9
f3f31e244cf3f3f3a5f3f3f348f312f3f3f3f3f35ca4f3f3f3f3f3f501f3f3f3f3f3f0f3b9f3f3f3f8f3f3f34fd1c5f3f3
cfcf6ed866cfcfcf78cfcfcf57cf92cfcfcfcfcfeb7acfcfcfcfcfeb4acfcfcfcfcfebcfebcfcfcfebcfcfcfebebebcfcf
87876c3462878787cd878787ff8765878787878708c587878787876f668787878787388777878787228787877dda478787
9494afaf38949494af949494e594af9494949494e9af9494949494a8af9494949494ad94af949494af949494afafaf9494
adad0f831fadadadecadadadddade8adadadadad6e68adadadadad85c0adadadadad49adb8adadadb2adadad3eced8adad
d0d0a8bc4cd0d0d0a8d0d0d0bfd0a8d0d0d0d0d0a8a8d0d0d0d0d0a8a8d0d0d0d0d0a8d0a8d0d0d0a8d0d0d0a8a8a8d0d0
48488744bf4848480e4848483a48864848484848f25f48484848487ce94848484848ae483a484848474848487b565b4848
d1d1d8d8d8d1d1d1d8d1d1d1d8d1d8d1d1d1d1d17fd8d1d1d1d1d120d8d1d1d1d1d1f2d1d8d1d1d182d1d1d14866c3d1d1
f0f02a0a93f0f0f08df0f0f097f0c8f0f0f0f0f043acf0f0f0f0f064aff0f0f0f0f0d7f03ef0f0f085f0f0f037c961f0f0
96961a45b9969696c19696965e96ce969696969688da96969696962e549696969696469629969696209696966e2aa49696
676792926867676792676767ba67926767676767019267676767671c926767676767156792676767926767679292926767
96966868689696966896969668966896969696966868969696969668689696969696689668969696689696966868689696
3737f5f5f5373737f5373737f537f53737373737f5f53737373737f5f53737373737c037f5373737f5373737f5f5f53737
2f2fa2a2a22f2f2fa22f2f2fa22fa22f2f2f2f2fa2a22f2f2f2f2ffda22f2f2f2f2fa22fa22f2f2fa22f2f2fa2a2a22f2f
70703aba7b7070701170707048704870707070704d747070707070ab717070707070dd7071707070e97070706461db7070
0d0d13957d0d0d0d130d0d0d640d130d0d0d0d0dab130d0d0d0d0da5130d0d0d0d0d130d130d0d0d130d0d0d1313130d0d
b1b1e8849bb1b1b124b1b1b1c7b191b1b1b1b1b12980b1b1b1b1b1df7fb1b1b1b1b16bb12db1b1b10db1b1b17c7d60b1b1
6c6cfdfdfd6c6c6cfd6c6c6cfd6ccb6c6c6c6c6cfd186c6c6c6c6cfdfd6c6c6c6c6cfd6cfd6c6c6cfd6c6c6cfdfdfd6c6c
5151aaaaaa515151aa515151aa51aa5151515151aaaa5151515151aaaa5151515151aa51aa515151aa515151aaaaaa5151
48484444444848484448484844484448484848484444484848484844384848484848444844484848444848484444444848
5353ec9810535353a8535353e653f5535353535376de535353535396bb535353535366535d53535323535353efe2235353
0b0bfe188f0b0b0bd30b0b0bb30b750b0b0b0b0bd9070b0b0b0b0be6960b0b0b0b0b090b2c0b0b0be10b0b0b3c6e2a0b0b
6161ce44f561616101616161ca61e461616161611cf46161616161222b6161616161a7612f616161ef6161614e998e6161
1f1fe7e7e71f1f1fe71f1f1fe71fe71f1f1f1f1fe7e71f1f1f1f1fe7e71f1f1f1f1fe41fe71f1f1fc41f1f1fe7e7e71f1f
b4b40eee00b4b4b405b4b4b400b476b4b4b4b4b40037b4b4b4b4b400c4b4b4b4b4b400b4a4b4b4b400b4b4b4000000b4b4
0808ad87f10808087208080805083808080808089f5208080808087ab70808080808e108c50808088e080808e63f140808
cccc3e3e3ecccccc3ecccccc3ecc3ecccccccccc3e3ecccccccccc3e3ecccccccccc3ecc3eccccccb3cccccc4a6bd6cccc
03030d62c40303030903030356031503030303039f6903030303030da30303030303d003de03030324030303ebfb300303
4747f9f9f9474747f9474747f947f94747474747f0f9474747474774f94747474747a947f9474747f9474747f9f9f94747
afaf80607dafafaf1cafafaf9aafdeafafafafaf53edafafafafafeb3dafafafafaf89af33afafaf79afafaf9f6785afaf
c8c8555555c8c8c855c8c8c855c855c8c8c8c8c85555c8c8c8c8c855dbc8c8c8c8c855c80ec8c8c855c8c8c81a5555c8c8
d8d88f8f8fd8d8d88fd8d8d877d88fd8d8d8d8d8b88fd8d8d8d8d88f8fd8d8d8d8d88fd88fd8d8d88fd8d8d88f8f8fd8d8
4848441d4b484848224848480d48714848484848c8f2484848484835544848484848f24896484848234848486d0bd44848
0404e04e97040404de0404048d04bd0404040404d517040404040442f904040404043b04e90404048b040404af4b4e0404
2f2f9025832f2f2f902f2f2f282f902f2f2f2f2f90902f2f2f2f2f90902f2f2f2f2f902f902f2f2f902f2f2f9090902f2f
a8a8aba28aa8a8a80ca8a8a8f0a8fea8a8a8a8a863a2a8a8a8a8a80ee9a8a8a8a8a80fa8a2a8a8a81fa8a8a80d3518a8a8
5d5df0d36b5d5d5dbc5d5d5d305d425d5d5d5d5d64175d5d5d5d5de33e5d5d5d5d5dc05d3b5d5d5d255d5d5dffc1265d5d
3939c49927393939b33939398e39053939393939a9753939393939232d39393939390139be393939bf393939d634a13939
66661818186666661866666618669a66666666661818666666666618186666666666186618666666186666661818186666
0d0d5234820d0d0d410d0d0df70d400d0d0d0d0d2f890d0d0d0d0d64710d0d0d0d0d900dc00d0d0d980d0d0daac03d0d0d
f9f9ada9ebf9f9f968f9f9f943f9b4f9f9f9f9f9fb55f9f9f9f9f92658f9f9f9f9f9f7f93af9f9f912f9f9f962c0a3f9f9
1010d0bded101010031010106d108510101010106d6d10101010106d6d10101010106d106d1010106d1010106d6d6d1010
53538f8f8f5353538f5353538f538f53535353538f8f53535353538f8f53535353538f538f5353538f5353538f8f8f5353
aeae748f6eaeaeae30aeaeae6eae0aaeaeaeaeaeecc2aeaeaeaeae21f2aeaeaeaeaea2ae70aeaeae9aaeaeae75e6feaeae
c8c89be957c8c8c815c8c8c8b9c823c8c8c8c8c8f2bfc8c8c8c8c86c4fc8c8c8c8c87dc817c8c8c8a1c8c8c877d2b6c8c8
f9f90e4ad5f9f9f9acf9f9f9d8f9eaf9f9f9f9f92408f9f9f9f9f9dba3f9f9f9f9f9c0f93ef9f9f949f9f9f9632a85f9f9
d1d1c4c7acd1d1d175d1d1d1d7d114d1d1d1d1d105dfd1d1d1d1d14ff9d1d1d1d1d1fcd117d1d1d11fd1d1d14daee7d1d1
a3a3f559ada3a3a305a3a3a3bca3eda3a3a3a3a3f678a3a3a3a3a301c6a3a3a3a3a36aa3eaa3a3a32fa3a3a3aa34caa3a3
24249c5578242424ce2424243624f3242424242434962424242424a29224242424240b2428242424c32424244be6762424
b6b6949494b6b6b694b6b6b694b694b6b6b6b6b69494b6b6b6b6b69494b6b6b6b6b6a3b694b6b6b694b6b6b6949494b6b6
4747c6410f474747d2474747e847904747474747781047474747472ff847474747471747394747479f474747e56ebf4747
cbcb28514bcbcbcb49cbcbcbdecb0acbcbcbcbcbd40acbcbcbcbcb3e0acbcbcbcbcb0acb0acbcbcb0acbcbcb0a0a0acbcb
2626f4dfa126262692262626ad26a8262626262647ce2626262626b6ee262626262693262a26262604262626e806e62626
454510d80c454545624545459f45774545454545e25945454545458ac74545454545764521454545e24545454fe71d4545
9595bc0b41959595459595957d953695959595957d7d95959595957d7d95959595957d957d9595957d9595957d7d7d9595
23231b1b1b2323231b2323231b231b23232323231b2a23232323231b1c23232323231b23a22323231b2323231b1b1b2323
aeae21ba5caeaeaeedaeaeaec8ae53aeaeaeaeaed70daeaeaeaeae1a18aeaeaeaeaea5ae7aaeaeaeedaeaeae5a4c9daeae
63632c2c2c6363635e6363632c638463636363632c6263636363632c7f63636363632c63f56363632c6363632c2c2c6363
0e0e05371f0e0e0e1e0e0e0e4e0e440e0e0e0e0ed0600e0e0e0e0e73cb0e0e0e0e0ef60e840e0e0e8d0e0e0ea6b8140e0e
c5c5343434c5c5c534c5c5c534c534c5c5c5c5c53434c5c5c5c5c53434c5c5c5c5c534c534c5c5c534c5c5c5343434c5c5
85850c8dc08585854385858570854085858585857e0d8585858585940c8585858585f1851c858585c0858585b0f0538585
dede4b9d2bdedede4bdedede4bde4bdedededede4b4bdedededede4b4bdedededede4bde4bdedede4bdedede4b4b4bdede
c2c212a1e6c2c2c2a5c2c2c2a5c222c2c2c2c2c2886cc2c2c2c2c22186c2c2c2c2c2f2c219c2c2c29cc2c2c264fea4c2c2
0000b2b2b2000000b2000000b200b20000000000b2ed0000000000b2600000000000b200b2000000b2000000b2b2b20000
717148bf737171710071717163714e71717171713d2d7171717171659f71717171718471e7717171737171714b5e5b7171
f0f00c0c0cf0f0f067f0f0f00cf0e9f0f0f0f0f00c74f0f0f0f0f00ccbf0f0f0f0f00cf00cf0f0f00cf0f0f00c0c0cf0f0
c2c245562cc2c2c245c2c2c245c245c2c2c2c2c24545c2c2c2c2c24545c2c2c2c2c245c245c2c2c245c2c2c2454545c2c2
7b7bb051f87b7b7bd27b7b7b197b0f7b7b7b7b7bb4dd7b7b7b7b7b8cd67b7b7b7b7bf57beb7b7b7baf7b7b7b8b53ad7b7b
0c0c5e5e5e0c0c0c5e0c0c0c5e0c5e0c0c0c0c0c5e5e0c0c0c0c0c5e5e0c0c0c0c0c5e0c5e0c0c0c5e0c0c0c5e5e5e0c0c
6969c32d9b69696973696969c369ee6969696969c33b6969696969c3c36969696969c369c3696969c3696969c3c3c36969
0707ebeacf0707071507070714078e07070707072c5a070707070792650707070707da070c070707bd070707d415680707
c7c72a2a2ac7c7c72ac7c7c72ac72ac7c7c7c7c72afbc7c7c7c7c72af1c7c7c7c7c7aac70fc7c7c771c7c7c7a4a695c7c7
c9c934c39dc9c9c969c9c9c95fc931c9c9c9c9c9a824c9c9c9c9c92424c9c9c9c9c924c924c9c9c924c9c9c9242424c9c9
0b0b1168820b0b0b020b0b0b970be60b0b0b0b0b7e1f0b0b0b0b0bb2aa0b0b0b0b0b230b330b0b0b470b0b0bbeab230b0b
2d2de833f92d2d2dfa2d2d2dd82dae2d2d2d2d2d90512d2d2d2d2dfad02d2d2d2d2dd02d6c2d2d2d642d2d2db389702d2d
6565fd9a88656565df656565db65276565656565738f6565656565351a6565656565996592656565d7656565687d236565
898958a5988989893f89898965893f89898989893f3f89898989893f3f89898989893f893f8989893f8989893f3f3f8989
15157bafc3151515ca151515e515a915151515150dfd15151515150d1315151515150d150d1515150d1515150d0d0d1515
f0f099f17af0f0f0daf0f0f0b9f068f0f0f0f0f03681f0f0f0f0f020d4f0f0f0f0f08cf079f0f0f0e6f0f0f0c681d3f0f0
9b9b194d3f9b9b9b9e9b9b9b099b419b9b9b9b9b44019b9b9b9b9b720e9b9b9b9b9b4f9b4a9b9b9b409b9b9b2b0aea9b9b
ebebd8d8d8ebebebd8ebebebd8ebd8ebebebebebd8d8ebebebebebd8d8ebebebebebd8ebd8ebebebd8ebebebd8d8d8ebeb
4646a1a1a1464646a1464646a146a14646464646a1a14646464646a19e4646464646914627464646514646460dc1e84646
a3a34c3c2ba3a3a32ba3a3a32ba32ba3a3a3a3a32b2ba3a3a3a3a32b2ba3a3a3a3a32ba32ba3a3a32ba3a3a32b2b2ba3a3
34345f5f5f3434345f3434345f345f34343434340d5f3434343434a15f343434343402345f3434345b3434345f5f523434
5f5fdda05a5f5f5f875f5f5f485f5f5f5f5f5f5fa9405f5f5f5f5ff81b5f5f5f5f5f3d5f5e5f5f5f285f5f5f99d1885f5f
65657575756565657565656575650e656565656575b365656565657585656565656575659565656575656565a10f756565
5c5cf1f1f15c5c5cf15c5c5c7b5cf15c5c5c5c5c65f15c5c5c5c5c72f15c5c5c5c5c235cf15c5c5ccd5c5c5cf1f1f15c5c
4b4b0e0e0e4b4b4b0e4b4b4b0e4b814b4b4b4b4b0eea4b4b4b4b4b0e794b4b4b4b4b0e4b8c4b4b4b0e4b4b4b4d2ba64b4b
a6a6129d28a6a6a63fa6a6a67aa658a6a6a6a6a64225a6a6a6a6a62788a6a6a6a6a627a684a6a6a62da6a6a6aeab89a6a6
b5b5695e4cb5b5b5e3b5b5b57fb52db5b5b5b5b59ccfb5b5b5b5b589a1b5b5b5b5b53fb543b5b5b560b5b5b5ef7b9fb5b5
9d9d7b595a9d9d9d5c9d9d9dd79d879d9d9d9d9dd59e9d9d9d9d9db2bf9d9d9d9d9d619d7d9d9d9d069d9d9dc3c0319d9d
b1b1d641e1b1b1b1afb1b1b1e0b11cb1b1b1b1b16b20b1b1b1b1b13874b1b1b1b1b106b17eb1b1b19db1b1b1d4cf61b1b1
3333b48cb73333339e33333359339e33333333339e9e33333333339e9e33333333339e339e3333339e3333339e9e9e3333
5f5fe186115f5f5f775f5f5ff75fa65f5f5f5f5ff16d5f5f5f5f5f074f5f5f5f5f5fbc5fc85f5f5f735f5f5fe7eff55f5f
5b5b4b26e05b5b5ba55b5b5b345b315b5b5b5b5b71705b5b5b5b5b264e5b5b5b5b5be55b065b5b5bdb5b5b5ba213ad5b5b
b7b7f4f4f4b7b7b7f4b7b7b7f4b7f4b7b7b7b7b7f4f4b7b7b7b7b75ff4b7b7b7b7b7f4b7f4b7b7b7f4b7b7b7f4f4f4b7b7
06065555550606065506060655065506060606065555060606060655550606060606550655060606550606065555550606
dddd7f357eddddddf7dddddd79dd4addddddddddc54adddddddddd944adddddddddd4add4adddddd4adddddd4a4a4adddd
0404e8e8e8040404e8040404e804e80404040404e8e80404040404e8e80404040404e804e8040404e8040404e8e8e80404
eeee2397a9eeeeee77eeeeee21ee24eeeeeeeeeefdbceeeeeeeeee0d7beeeeeeeeeef9eeaaeeeeee9eeeeeeee17890eeee
bdbdc42fb6bdbdbd17bdbdbdecbd79bdbdbdbdbd8279bdbdbdbdbd3712bdbdbdbdbd06bd26bdbdbde3bdbdbd524685bdbd
b3b3c50adcb3b3b3a2b3b3b37ab345b3b3b3b3b370a8b3b3b3b3b3a7b1b3b3b3b3b388b341b3b3b3eab3b3b326ef0db3b3
f4f4158a3cf4f4f4c3f4f4f4a5f411f4f4f4f4f40d90f4f4f4f4f4c0cdf4f4f4f4f439f477f4f4f4d3f4f4f4daa62cf4f4
3939242424393939243939392439243939393939eb2439393939397f243939393939ab39243939394b3939392422e63939
5252bb107e525252de5252525a525a52525252525a5a52525252525a5a52525252525a525a5252525a5252525a5a5a5252
9191bcbcbc919191bc919191bc91bc9191919191bcbc9191919191bcbc9191919191bc91bc919191bc9191910575e19191
4646c1c1c1464646c1464646c146c14646464646c1c14646464646c1c14646464646c14651464646c146464631c1c14646
515128cb695151510f5151517651d751515151510732515151515113325151515151325132515151325151513232325151
55552525255555552555555525552555555555552525555555555525255555555555255525555555255555552525255555
dadac2fbfadadada77dadadaecda19dadadadadafc62dadadadada5338dadadadada20dafbdadadae9dadada5a6d74dada
a7a7b4aaaaa7a7a78ea7a7a7aaa78fa7a7a7a7a7aa09a7a7a7a7a7aa0aa7a7a7a7a7aaa74ba7a7a7aaa7a7a75caaaaa7a7
5e5e55aa4f5e5e5ede5e5e5e235e925e5e5e5e5ec1e15e5e5e5e5e30ad5e5e5e5e5e8d5eb55e5e5e765e5e5e1ce2a25e5e
8989424b368989897289898924894089898989893fe18989898989cf2b898989898920893d89898913898989ea7f578989
3b3b071cdd3b3b3b193b3b3b533bfc3b3b3b3b3b70333b3b3b3b3b21ef3b3b3b3b3b0b3b8c3b3b3b4d3b3b3b5f0f473b3b
747467676774747467747474ed746774747474744667747474747467677474747474677467747474677474746767677474
8c8c29a2e18c8c8ca08c8c8c588c338c8c8c8c8cd4f68c8c8c8c8c02d28c8c8c8c8c5d8ca68c8c8cf08c8c8cc893048c8c
c9c9919191c9c9c991c9c9c991c991c9c9c9c9c99191c9c9c9c9c99191c9c9c9c9c991c991c9c9c991c9c9c9919191c9c9
f8f8e8e8e8f8f8f8e8f8f8f8e8f8e8f8f8f8f8f8e8e8f8f8f8f8f8997ff8f8f8f8f8daf815f8f8f817f8f8f890b444f8f8
b3b3b2644fb3b3b3a1b3b3b35db31ab3b3b3b3b35db1b3b3b3b3b3c0e0b3b3b3b3b3bab31fb3b3b39fb3b3b32109e1b3b3
c6c6426b38c6c6c6ecc6c6c631c640c6c6c6c6c64de2c6c6c6c6c61d91c6c6c6c6c689c6eec6c6c61bc6c6c65768d6c6c6
c6c605fd3ac6c6c6c1c6c6c6b9c65fc6c6c6c6c6f567c6c6c6c6c6aafac6c6c6c6c6a6c68fc6c6c69ac6c6c682c1b7c6c6
11118787fe1111118711111112118711111111117e871111111111bb8711111111112b1187111111541111118787871111
3a3a9a52c53a3a3a663a3a3a283a083a3a3a3a3a42233a3a3a3a3a82d33a3a3a3a3a993acb3a3a3a483a3a3a4b44683a3a
1919d3d1c51919195c1919191019601919191919eccc1919191919952719191919190319141919198719191965a27d1919
1c1c91ddd01c1c1cf11c1c1ce11c4b1c1c1c1c1c21351c1c1c1c1c43a01c1c1c1c1cb31c041c1c1c841c1c1c01b07f1c1c
d9d95dd773d9d9d965d9d9d973d9f7d9d9d9d9d973dfd9d9d9d9d97352d9d9d9d9d973d973d9d9d973d9d9d9737373d9d9
c1c1cbcbcbc1c1c1cbc1c1c1cbc1cbc1c1c1c1c1cb0bc1c1c1c1c1cb8bc1c1c1c1c1cbc11fc1c1c1cbc1c1c1c04dcbc1c1
98985081c19898989d9898985298cf98989898985bda9898989898d76f98989898981d98059898988c98989862e6299898
8c8cd80e648c8c8c608c8c8c648c808c8c8c8c8c64cd8c8c8c8c8c64638c8c8c8c8c648c648c8c8c648c8c8c6464648c8c
3e3ee8988b3e3e3e933e3e3e783eab3e3e3e3e3ec7273e3e3e3e3ebbc83e3e3e3e3e9e3ee03e3e3e053e3e3e153ab63e3e
52520c0c0c5252520c5252520c520c52525252520c0c52525252520c0c52525252520c520c52525271525252bcfb1e5252
16168227f816161682161616d6168216161616168282161616161682821616161616821682161616821616168282821616
e8e8181818e8e8e818e8e8e818e818e8e8e8e8e8d918e8e8e8e8e83d18e8e8e8e8e863e818e8e8e864e8e8e87e7a9de8e8
f4f48f430ef4f4f4b7f4f4f462f43bf4f4f4f4f4f227f4f4f4f4f42770f4f4f4f4f45ff4d3f4f4f494f4f4f438bde7f4f4
54544870b9545454a25454541654ee5454545454abd7545454545431445454545454e85422545454cd54545416ebed5454
aeaeb9f5e1aeaeaeb2aeaeae80ae4faeaeaeaeaefd73aeaeaeaeae33d2aeaeaeaeae9eaecfaeaeae35aeaeae1c62afaeae
1919f3cf3f191919651919190419431919191919c297191919191989611919191919b719b0191919e5191919147a931919
c7c752f1f0c7c7c741c7c7c727c76cc7c7c7c7c74951c7c7c7c7c74d52c7c7c7c7c7abc704c7c7c741c7c7c73976c1c7c7
4a4a4a4a4a4a4a4a8a4a4a4a4a4a604a4a4a4a4a4a144a4a4a4a4a4a874a4a4a4a4a4a4a8c4a4a4a4a4a4a4a2aca4a4a4a
1f1f5a44de1f1f1f5b1f1f1fde1f071f1f1f1f1fde751f1f1f1f1fdede1f1f1f1f1fde1fde1f1f1fde1f1f1fdedede1f1f
9090cdf3fd9090906e909090f290ae9090909090cdd79090909090c96090909090905390d5909090439090904e64659090
a9a958cb44a9a9a919a9a9a9aca9a2a9a9a9a9a917d8a9a9a9a9a944fea9a9a9a9a9d4a9c8a9a9a981a9a9a935fc7aa9a9
aaaa45bc95aaaaaa28aaaaaac7aa72aaaaaaaaaaeb47aaaaaaaaaa9975aaaaaaaaaae5aa37aaaaaadaaaaaaa7166c9aaaa
6f6faeaeae6f6f6fae6f6f6fae6fae6f6f6f6f6f4eae6f6f6f6f6f49ae6f6f6f6f6f396fae6f6f6f906f6f6faeae706f6f
dbdb666666dbdbdb66dbdbdb66db66dbdbdbdbdb6666dbdbdbdbdb6666dbdbdbdbdbcbdb66dbdbdbe5dbdbdbe71fdcdbdb
fdfddffd8efdfdfdb3fdfdfd15fd46fdfdfdfdfdc87cfdfdfdfdfd5c43fdfdfdfdfd06fd6efdfdfdb5fdfdfdf935f0fdfd
0202a604430202022402020291027302020202021b2602020202024848020202020243023b02020243020202df69500202
8f8fd0d0d08f8f8fd08f8f8fd08fd08f8f8f8f8fd0d08f8f8f8f8fd0d08f8f8f8f8fd08fd08f8f8f028f8f8fd0d0c28f8f
3232c7c7c7323232c7323232c732c73232323232c7c73232323232c7c732323232326732c7323232d1323232c76bf93232
444498989844444498444444984498444444444498984444444444e49844444444447444984444449c4444446a49534444
0000e210e5000000ce0000006a00aa0000000000e53700000000003b6400000000000500e400000041000000dde1610000
b8b8585858b8b8b858b8b8b8f8b858b8b8b8b8b85158b8b8b8b8b85958b8b8b8b8b89bb858b8b8b847b8b8b8585858b8b8
d8d8a44a12d8d8d8a4d8d8d822d8a4d8d8d8d8d8eba4d8d8d8d8d88da4d8d8d8d8d887d8a4d8d8d886d8d8d8a4a4d8d8d8
b7b71dbf9db7b7b7f9b7b7b744b73cb7b7b7b7b722cfb7b7b7b7b7f54fb7b7b7b7b7d7b7b2b7b7b77cb7b7b7254f5db7b7
f8f8868686f8f8f886f8f8f886f886f8f8f8f8f88686f8f8f8f8f80086f8f8f8f8f88ff8c4f8f8f8adf8f8f890feaff8f8
e3e3b2b142e3e3e36ce3e3e348e365e3e3e3e3e3036be3e3e3e3e3266de3e3e3e3e335e380e3e3e3dee3e3e3fe417be3e3
25258c65e0252525e5252525db253b252525252574a92525252525f6ae25252525258825d925252535252525b3a5c52525
414124adf6414141e74141414041df4141414141f768414141414154bd41414141417c413f414141954141411800054141
a4a4d6d6d6a4a4a4d6a4a4a4d6a4d6a4a4a4a4a4d6d6a4a4a4a4a4d6d6a4a4a4a4a4d6a4d6a4a4a4d6a4a4a40b0991a4a4
dbdbe4e4e4dbdbdbe4dbdbdbe4dbe4dbdbdbdbdbe4e4dbdbdbdbdbe4e4dbdbdbdbdb48dbe4dbdbdbe4dbdbdbe4e4e4dbdb
fdfdc8c8c8fdfdfd97fdfdfdc8fd30fdfdfdfdfdc8c8fdfdfdfdfdc8c8fdfdfdfdfdc8fdc8fdfdfdc8fdfdfdc8c8c8fdfd
e8e8c99eb0e8e8e822e8e8e8f8e870e8e8e8e8e86486e8e8e8e8e8a322e8e8e8e8e8c3e8c9e8e8e8c0e8e8e88246e8e8e8
0505acacac050505ac050505ac05ac0505050505acac0505050505acac05050505054705ac05050543050505acacd00505
f1f1a4a4a4f1f1f1a4f1f1f1a4f1a4f1f1f1f1f1a44ef1f1f1f1f1a427f1f1f1f1f1a4f108f1f1f1a4f1f1f1f9ae8bf1f1
ececd1d1d1ecececd1ecececd1ec39ecececececd18eecececececd1f3ecececececd1ecd1ecececd1ecececd1d1d1ecec
2121526f6f212121c82121216f21b121212121216fdc21212121216fd321212121216f216f2121216f2121216f6f6f2121
717104c8187171716671717111714a7171717171cc6b717171717104f27171717171ce711971717101717171fc30787171
b8b80a96b0b8b8b80ab8b8b80ab80ab8b8b8b8b80a0ab8b8b8b8b80a0ab8b8b8b8b80ab80ab8b8b80ab8b8b80a0a0ab8b8
2121ced87c212121d92121217c217c21212121217c7c21212121217c7c21212121217c217c2121217c2121217c7c7c2121
e4e491047be4e4e463e4e4e45ce48fe4e4e4e4e4a6dde4e4e4e4e44fcce4e4e4e4e456e402e4e4e49ee4e4e4e7d980e4e4
2323727272232323722323237223722323232323727223232323236c722323232323fa2372232323722323237272722323
6161fcfc52616161fc6161618061fc616161616139fc616161616157fc61616161613861fc616161e6616161fcfcfc6161
3a3a1e1e1e3a3a3a1e3a3a3a1e3a1e3a3a3a3a3a1e1e3a3a3a3a3a1e813a3a3a3a3a633a933a3a3a0d3a3a3af6b7d83a3a
1c1c10e8751c1c1c361c1c1caa1cd21c1c1c1c1c310d1c1c1c1c1c29a61c1c1c1c1cbe1c2a1c1c1cdb1c1c1c1f43091c1c
7f7ffbfbfb7f7f7ffb7f7f7fde7ffb7f7f7f7f7ff5fb7f7f7f7f7f20fb7f7f7f7f7ffb7ffb7f7f7ffb7f7f7ffbfbfb7f7f
5b5b95e62b5b5b5b245b5b5ba65bad5b5b5b5b5bd2ac5b5b5b5b5b23d75b5b5b5b5b605b175b5b5b8f5b5b5b0ab2045b5b
5050c3c3c3505050c3505050c350c35050505050c3c35050505050c3c35050505050c350c3505050c3505050507a465050
73738e9b9b737373807373739b735673737373739b9b73737373739b9b73737373739b739b7373739b7373739b9b9b7373
f5f5df9e7bf5f5f508f5f5f506f5f7f5f5f5f5f52abbf5f5f5f5f56162f5f5f5f5f59ff5b5f5f5f5ecf5f5f51feeabf5f5
bdbdacacacbdbdbdacbdbdbdacbdacbdbdbdbdbdacacbdbdbdbdbdacacbdbdbdbdbdacbdacbdbdbdacbdbdbdacacacbdbd
8585e6660f858585a085858512850b85858585852ab68585858585afd885858585852485e4858585b98585857732c48585
e3e3e4e4e4e3e3e3e4e3e3e3e4e3e4e3e3e3e3e3e4e4e3e3e3e3e3e4e4e3e3e3e3e3e4e3e4e3e3e3e4e3e3e3e4e4e4e3e3
67671f1f1f6767671f6767671f676267676767671fc967676767671fdd67676767671f67816767671f676767471e226767
929205050592929205929292059205929292929205059292929292056392929292920592fa929292059292928805059292
32328d8d8d3232328d3232328d328d32323232328d8d32323232328d8d32323232328d328d323232d6323232c266ed3232
cfcf3763a6cfcfcf34cfcfcf15cf4ccfcfcfcfcf16f1cfcfcfcfcfae65cfcfcfcfcf9dcf45cfcfcf74cfcfcfdbffd8cfcf
29299fd1002929293e2929297c29482929292929b967292929292965ea2929292929a929632929292f292929953d7a2929
1e1eddb34f1e1e1e3b1e1e1e661ea41e1e1e1e1e6fbb1e1e1e1e1e61731e1e1e1e1e7b1e2b1e1e1eff1e1e1e85f78d1e1e
3030b2b297303030b23030301330b230303030301ab23030303030ffb23030303030b230b2303030b2303030b2b2b23030
dcdc9d35eadcdcdce2dcdcdc4cdc8adcdcdcdcdce20cdcdcdcdcdc1d6adcdcdcdcdcb9dca6dcdcdca9dcdcdcdd0e77dcdc
dada43eecfdadada3cdadada16da30dadadadada1158dadadadada25fddadadadada4dda0fdadada90dadada400899dada
4b4b0101014b4b4b014b4b4b014b014b4b4b4b4b01014b4b4b4b4b01014b4b4b4b4bc24b014b4b4b014b4b4b0101014b4b
fafac0c0c0fafafac0fafafac0fac0fafafafafac0c0fafafafafac0c0fafafafafac0fabdfafafac0fafafa39c0c0fafa
88888383838888888388888883888388888888888383888888888883838888888888838883888888838888888383838888
7c7cf45f277c7c7c1d7c7c7c8b7c9f7c7c7c7c7ca9ba7c7c7c7c7c154f7c7c7c7c7ced7ce57c7c7c6c7c7c7c5858147c7c
484822cc8b484848f14848483e486148484848487d034848484848056548484848482c48e64848488648484826d8cc4848
3535b66bd5353535f2353535cd35cc35353535354be2353535353554a63535353535343543353535ce3535355a3f823535
8a8a720a418a8a8aab8a8a8a348a168a8a8a8a8a35078a8a8a8a8af3b78a8a8a8a8a388af98a8a8ad28a8a8aef0b008a8a
1b1bc61fc61b1b1bc61b1b1bc61bc61b1b1b1b1bc6c61b1b1b1b1bc6c61b1b1b1b1bc61bc61b1b1bc61b1b1bc6c6c61b1b
27274aa5fb272727ed272727d0270c27272727275d6b2727272727ffb7272727272772273127272774272727cddf862727
1616b30d47161616b41616166116cb1616161616d6301616161616cc6c1616161616b71628161616f6161616b0ab471616
d4d4616161d4d4d461d4d4d461d461d4d4d4d4d46161d4d4d4d4d46161d4d4d4d4d443d461d4d4d4bad4d4d40dbf9fd4d4
9c9c0f0fca9c9c9c0f9c9c9ccd9c0f9c9c9c9c9c900f9c9c9c9c9c0e0f9c9c9c9c9c0f9c0f9c9c9c0f9c9c9c0f0f0f9c9c
17171458b4171717b2171717d617a8171717171719c71717171717a5771717171717b417b41717177017171790a4ba1717
181805050518181805181818051805181818181805051818181818050518181818180518c21818180518181801760c1818
5e5e07bef35e5e5e435e5e5e5d5e345e5e5e5e5e31ba5e5e5e5e5e293c5e5e5e5e5e625ead5e5e5ebf5e5e5e4e657b5e5e
eded21f3d4ededed18ededede1ed48ededededed473eededededed4a6eededededed28ed74edededf9ededed5a95d4eded
eaea101010eaeaea10eaeaea10ea10eaeaeaeaea1010eaeaeaeaea1010eaeaeaeaeac0eafbeaeaea6ceaeaea273713eaea
f2f262d56af2f2f2e8f2f2f24ef2c8f2f2f2f2f24ee5f2f2f2f2f24eb8f2f2f2f2f24ef245f2f2f24ef2f2f24e4e4ef2f2
c6c6262626c6c6c626c6c6c626c626c6c6c6c6c62626c6c6c6c6c62626c6c6c6c6c626c626c6c6c626c6c6c6261abdc6c6
8a8a9338e58a8a8a528a8a8ac88a508a8a8a8a8a53418a8a8a8a8a177c8a8a8a8a8a678a218a8a8a998a8a8ada315f8a8a
dddd54b0aeddddddcadddddde9ddeadddddddddd7482dddddddddd19c1ddddddddddbaddd9dddddd57dddddd290257dddd
b5b5b3b3b3b5b5b5b3b5b5b5b3b5b3b5b5b5b5b5f6b3b5b5b5b5b519b3b5b5b5b5b5b3b5b3b5b5b5b3b5b5b5b3b3b3b5b5
a1a1551064a1a1a16ba1a1a19ca18ba1a1a1a1a1e5d2a1a1a1a1a172b0a1a1a1a1a102a118a1a1a125a1a1a1ff1c1ca1a1
3131885a1d31313128313131b731cf31313131314beb31313131315fa231313131316931a33131311e3131312399883131
a0a059d52ba0a0a0d9a0a0a040a0e0a0a0a0a0a09949a0a0a0a0a019fda0a0a0a0a0f0a058a0a0a0e2a0a0a034c07da0a0
18181a7611181818be181818f018ed1818181818601618181818185f9e1818181818cd184e181818821818185d88561818
cece4c85f9cececed7cececebacebfcececececed7aecececececebafdcececececeedcecdcecece77cecece0a97eacece
fcfcf0f0f0fcfcfcf0fcfcfcf0fcf0fcfcfcfcfcf0f0fcfcfcfcfc59f0fcfcfcfcfcdffcf0fcfcfc14fcfcfcf05e35fcfc
6f6f3d3d3d6f6f6f3d6f6f6f3d6f106f6f6f6f6f3d846f6f6f6f6f3d556f6f6f6f6f3d6f2c6f6f6f1b6f6f6f4a859f6f6f
fcfcf53494fcfcfc35fcfcfcdffc6bfcfcfcfcfc36b3fcfcfcfcfc54b6fcfcfcfcfc07fc09fcfcfc61fcfcfc5c5f11fcfc
81813e3e3e8181813e8181813e813e81818181813e3e81818181813e7881818181813e81738181813e818181fe150e8181
c1c1adadadc1c1c1adc1c1c1adc16dc1c1c1c1c1ad08c1c1c1c1c1adebc1c1c1c1c1adc1adc1c1c1adc1c1c1adadadc1c1
eded87d46aededed4aededed44edd2edededededc514edededededb94fedededededabed25ededed61edededd79932eded
b4b4fdfdfdb4b4b4fdb4b4b4fdb4fdb4b4b4b4b4fdfdb4b4b4b4b4fd97b4b4b4b4b4fdb4fdb4b4b4fdb4b4b4fdfdfdb4b4
5c5c9111105c5c5cad5c5c5c775c9d5c5c5c5c5c2e4d5c5c5c5c5c504d5c5c5c5c5cb65c245c5c5c3c5c5c5cfa775d5c5c
1616919191161616911616163e16911616161616e09116161616162a911616161616c916911616163416161691919d1616
42425f63c942424299424242fe427e4242424242f86642424242428dc442424242426442cb424242fb4242424a43c84242
8e8e265b388e8e8ee78e8e8e288e7d8e8e8e8e8ea5cf8e8e8e8e8e4e7c8e8e8e8e8e3a8efa8e8e8e0b8e8e8e2419bc8e8e
7e7ef222ee7e7e7e417e7e7e607e927e7e7e7e7eb9ba7e7e7e7e7e18727e7e7e7e7e9f7e957e7e7e097e7e7ed2f67c7e7e
2a2adcdcdc2a2a2adc2a2a2adc2adc2a2a2a2a2adcdc2a2a2a2a2a5cdc2a2a2a2a2ae32ad82a2a2a2d2a2a2a27b9c72a2a
7575f34ca0757575cd757575ef758575757575753f4e7575757575bde07575757575e77571757575dc7575755487ab7575
eaea2a2a2aeaeaea2aeaeaea2aea2aeaeaeaeaea2a2aeaeaeaeaea2a2aeaeaeaeaea2aea6eeaeaeadfeaeaeacb0e47eaea
1e1e8383831e1e1e831e1e1e831e831e1e1e1e1e83831e1e1e1e1e75831e1e1e1e1e671e831e1e1ef41e1e1e556e031e1e
5a5aa4a4a45a5a5aa45a5a5aa45aa45a5a5a5a5aa4a45a5a5a5a5a6c185a5a5a5a5a8e5abe5a5a5a035a5a5ad624ba5a5a
1e1e4949491e1e1e491e1e1e491e491e1e1e1e1e49491e1e1e1e1e49491e1e1e1e1e491e491e1e1e491e1e1e4949491e1e
c2c20f568cc2c2c28ac2c2c2b1c284c2c2c2c2c2360bc2c2c2c2c2560ec2c2c2c2c2dfc24fc2c2c22cc2c2c2f1b9f1c2c2
36361f8be53636362a3636363e364f3636363636eada3636363636641a3636363636e936a536363686363636bda5ad3636
c5c52ef59dc5c5c5ecc5c5c5c4c5a4c5c5c5c5c56969c5c5c5c5c56969c5c5c5c5c569c569c5c5c569c5c5c5696969c5c5
30309552573030305e3030307630b830303030303d3d30303030303d3d30303030303d303d3030303d3030303d3d3d3030
383818a217383838933838386d38fe3838383838e4d2383838383849d0383838383898384d383838193838383c95673838
fdfd961addfdfdfdd9fdfdfd75fdbefdfdfdfdfdffb6fdfdfdfdfd7204fdfdfdfdfd4cfdb1fdfdfd96fdfdfd5345fafdfd
58587a6f8058585854585858e458235858585858f3e65858585858d3b958585858588358385858586b5858581f18ba5858
8989b3b3b3898989b3898989b389b38989898989b3b38989898989b3b38989898989b389b3898989b389898959b3b38989
ffff7a7a7affffff7affffff7aff7affffffffff7a7affffffffff7a7affffffffff2dff7affffff7affffff7a7a7affff
5c5c1cd0355c5c5c735c5c5c795cea5c5c5c5c5ce17b5c5c5c5c5cb8c55c5c5c5c5ce15ce55c5c5c7d5c5c5c4778b95c5c
a6a67bec39a6a6a68ca6a6a6f3a6e3a6a6a6a6a6cc22a6a6a6a6a62863a6a6a6a6a648a6ffa6a6a681a6a6a6abe884a6a6
0b0bfe95a80b0b0b1b0b0b0bb70b630b0b0b0b0be4270b0b0b0b0bf8af0b0b0b0b0ba50b260b0b0b130b0b0bdfc7d70b0b
474781b564474747a0474747df472347474747477f0c4747474747c3174747474747f047b5474747d74747476ffb144747
9191dcdcdc919191dc919191dc91dc9191919191dcdc9191919191dcdc91919191915a91dc91919120919191dc7a709191
15158c46b015151566151515df150415151515159404151515151504041515151515041504151515041515150404041515
50506f4836505050d35050501a50fc5050505050c0975050505050ec4f5050505050f650b2505050ec5050508855ea5050
0e0e2727270e0e0e270e0e0ed30e270e0e0e0e0eec270e0e0e0e0ebb270e0e0e0e0e270e270e0e0e270e0e0e2727270e0e
4f4fdedede4f4f4fde4f4f4fde4fde4f4f4f4f4fdede4f4f4f4f4fdede4f4f4f4f4fde4fde4f4f4fde4f4f4fdedede4f4f
606087a4f6606060776060601160ea606060606092906060606060c2df60606060609d60c8606060fc60606046a7d06060
c5c50f0f0fc5c5c50fc5c5c50fc50fc5c5c5c5c50f0fc5c5c5c5c50fe1c5c5c5c5c514c53bc5c5c5a8c5c5c5d2d114c5c5
94949dcae2949494c89494942a941394949494946cae9494949494c6a1949494949489943a9494949494949475804b9494
f4f48af982f4f4f4e4f4f4f4bff46af4f4f4f4f4bffcf4f4f4f4f4bf88f4f4f4f4f4bff439f4f4f4bff4f4f4bfbfbff4f4
b4b46760fab4b4b4bdb4b4b4a7b44fb4b4b4b4b4574ab4b4b4b4b4fb46b4b4b4b4b48fb41db4b4b407b4b4b4403c06b4b4
bbbbc69094bbbbbb3abbbbbbbabb83bbbbbbbbbbaafebbbbbbbbbba708bbbbbbbbbb34bb89bbbbbb5fbbbbbb8f2f1cbbbb
c0c01e265ac0c0c01ec0c0c0d8c01ec0c0c0c0c0121ec0c0c0c0c00b1ec0c0c0c0c059c01ec0c0c005c0c0c01e1eeac0c0
fcfc1b1b1bfcfcfc1bfcfcfc10fc1bfcfcfcfcfc321bfcfcfcfcfc921bfcfcfcfcfc7cfc1bfcfcfcd9fcfcfc1fb0ecfcfc
c8c8967843c8c8c8c3c8c8c8f6c88dc8c8c8c8c82750c8c8c8c8c83064c8c8c8c8c8f9c8eec8c8c85fc8c8c80671f1c8c8
a6a6e1cdafa6a6a6a4a6a6a60fa650a6a6a6a6a69141a6a6a6a6a68198a6a6a6a6a60ea6efa6a6a6daa6a6a61242dfa6a6
0909ece442090909a7090909bd09fb0909090909bdfa0909090909bdc40909090909bd09ef090909bd090909bdbdbd0909
e3e3fd3d49e3e3e3afe3e3e3ede37ee3e3e3e3e33ea6e3e3e3e3e31e41e3e3e3e3e359e3aae3e3e3f2e3e3e3a35276e3e3
fbfb198b77fbfbfbe4fbfbfb94fbb7fbfbfbfbfbc576fbfbfbfbfbe8ebfbfbfbfbfbe4fb66fbfbfbc9fbfbfba160fffbfb
1919ad2275191919ad191919e019ad1919191919adad1919191919adad1919191919ad19ad191919ad191919adadad1919
72720c0c0c7272720c7272720c720c72727272720c0c72727272720c0c72727272720c720c7272720c7272720c0c0c7272
d2d26baa9fd2d2d284d2d2d278d2c7d2d2d2d2d2ed30d2d2d2d2d24836d2d2d2d2d2f0d206d2d2d235d2d2d2f094a7d2d2
b1b1232323b1b1b1aab1b1b123b1cbb1b1b1b1b1234cb1b1b1b1b123c5b1b1b1b1b123b123b1b1b123b1b1b1232323b1b1
d9d9796f46d9d9d9bfd9d9d901d974d9d9d9d9d9c12fd9d9d9d9d9a865d9d9d9d9d938d9aed9d9d941d9d9d9a894ccd9d9
54546a6a6a5454546a5454546a546a54545454546a6a5454545454e96a5454545454d854f054545413545454de7f305454
3838648d843838387d3838388b382838383838389b2238383838386f3c3838383838d1383038383804383838b9c2773838
d5d5c61269d5d5d54ad5d5d50cd5e8d5d5d5d5d5a0bfd5d5d5d5d5502cd5d5d5d5d531d50fd5d5d557d5d5d5f80dd2d5d5
7c7c5b5b5b7c7c7c5b7c7c7c5b7ca27c7c7c7c7c5bd07c7c7c7c7c5b5b7c7c7c7c7c5b7c5b7c7c7c5b7c7c7c5b5b5b7c7c
72720303037272720372727203720372727272720303727272727203037272727272037203727272847272720303037272
afaf4f4f4fafafaf4fafafaf4faf4fafafafafaf4f4fafafafafaf214fafafafafaf66af4fafafaff4afafaf4f4fcdafaf
0808181818080808180808081808180808080808181a080808080818ae080808080818089008080818080808154a230808
a0a0c488c4a0a0a0c4a0a0a0c4a0c4a0a0a0a0a0c4c4a0a0a0a0a0c4c4a0a0a0a0a0c4a0c4a0a0a0c4a0a0a0c4c4c4a0a0
3131f39d3e3131310b313131e431213131313131183e3131313131bbfc313131313178314e313131b8313131bab5ca3131
05059d9d9d0505059d0505059d05dc05050505059d6e05050505059da305050505059d05320505059d050505ea9d9d0505
f0f0606060f0f0f060f0f0f060f060f0f0f0f0f06060f0f0f0f0f06060f0f0f0f0f060f060f0f0f060f0f0f0606060f0f0
f2f22d2d2df2f2f22df2f2f22df22df2f2f2f2f22d2df2f2f2f2f2602df2f2f2f2f288f22df2f2f241f2f2f2bca52ff2f2
2f2f2121212f2f2f212f2f2f212f212f2f2f2f2f21212f2f2f2f2f21212f2f2f2f2f7b2f212f2f2fb82f2f2f9f8c522f2f
060605050506060605060606050605060606060605050606060606050506060606062c0605060606050606060505050606
5050dddddd505050dd505050dd50dd5050505050dddd5050505050dddd5050505050dd50dd5050503e505050dddddd5050
cfcfee0ef7cfcfcf80cfcfcf50cfabcfcfcfcfcfd57ecfcfcfcfcfbc91cfcfcfcfcf8ccfd6cfcfcf58cfcfcff5d6d5cfcf
70707a0d417070700670707011704b7070707070ba887070707070fa7e7070707070797029707070f2707070c7e1fc7070
eaea737373eaeaea73eaeaea73ea73eaeaeaeaea7f73eaeaeaeaeaf273eaeaeaeaea67ea73eaeaeaafeaeaea737327eaea
f9f9565656f9f9f90ef9f9f956f9b2f9f9f9f9f956a9f9f9f9f9f95656f9f9f9f9f956f956f9f9f956f9f9f9565656f9f9
c6c686d24dc6c6c610c6c6c6d0c668c6c6c6c6c694a0c6c6c6c6c6eb11c6c6c6c6c629c601c6c6c65ac6c6c67c9186c6c6
cdcd6a6a6acdcdcd6acdcdcd6acd6acdcdcdcdcd6a13cdcdcdcdcd6a6acdcdcdcdcd6acd6acdcdcd6acdcdcd6a6a6acdcd
8484595959848484598484849b84598484848484c85984848484847c598484848484598459848484598484845959598484
c1c1101010c1c1c107c1c1c110c1e4c1c1c1c1c11013c1c1c1c1c110f7c1c1c1c1c110c110c1c1c110c1c1c1101010c1c1
2020e8e8e8202020e8202020e820e820202020205ee820202020208de82020202020e820e8202020e8202020e8e8e82020
3535d1d1d1353535d1353535d135d135353535359ad13535353535bed135353535358835d135353529353535f409693535
d3d3d8d8d8d3d3d3d8d3d3d3d8d3d8d3d3d3d3d3d8d8d3d3d3d3d3d8d8d3d3d3d3d3d8d3d8d3d3d3d8d3d3d3d8d8d8d3d3
0e0eadb8100e0e0e050e0e0e8a0e7d0e0e0e0e0e20c40e0e0e0e0e09d20e0e0e0e0eb20e720e0e0eba0e0e0ee646e40e0e
5757cfcfcf575757cf575757cf57cf5757575757cfcf5757575757cf7d5757575757cf57cf575757cf575757cfcfcf5757
0707dcd46707070777070707150777070707070707770707070707297707070707074d0777070707430707077777770707
5a5ab2f03e5a5a5a9f5a5a5a455aae5a5a5a5a5ad1d05a5a5a5a5a85295a5a5a5a5ad05a1b5a5a5a795a5a5a79a5505a5a
5050fbfbfb505050fb505050fb50fb505050505035fb5050505050f1fb5050505050d050fb50505043505050fb77c85050
d1d1611af7d1d1d1fbd1d1d137d182d1d1d1d1d1a5a6d1d1d1d1d16248d1d1d1d1d135d120d1d1d193d1d1d106576bd1d1
1818610dc7181818d3181818c718691818181818c7c71818181818c7c71818181818c718c7181818c7181818c7c7c71818
1f1fbcbcbc1f1f1fbc1f1f1fbc1fbc1f1f1f1f1fbcbc1f1f1f1f1fbcbc1f1f1f1f1fbc1fbc1f1f1fbc1f1f1f13bcbc1f1f
41419d9d9d4141419d4141419d419d41414141419d9d41414141419d9d41414141419d41604141419d4141419d9d9d4141
8787a5ea8c87878742878787ee87678787878787154f8787878787d59787878787877987bb878787358787870dda1a8787
c0c0b97ee1c0c0c049c0c0c068c06cc0c0c0c0c06fefc0c0c0c0c0459bc0c0c0c0c064c03fc0c0c0b4c0c0c09fefedc0c0
9e9e251b769e9e9e039e9e9ec09ed49e9e9e9e9ee2cf9e9e9e9e9ee24b9e9e9e9e9ed79e7b9e9e9ed99e9e9ec117059e9e
28289d9d9d2828289d2828289d289d28282828289d9d28282828289d9d28282828289d28e82828289d282828799d9d2828
111157575711111157111111571157111111111157201111111111576911111111114411ba111111951111114b9a7e1111
a6a6d7af6ca6a6a693a6a6a620a6c2a6a6a6a6a6d755a6a6a6a6a6d2bea6a6a6a6a65ea644a6a6a676a6a6a6b797b0a6a6
5c5c95c2c75c5c5cc75c5c5cc75cc75c5c5c5c5cc7c75c5c5c5c5cc7c75c5c5c5c5cc75cc75c5c5cc75c5c5cc7c7c75c5c
2a2abb26342a2a2ac72a2a2aef2ace2a2a2a2a2af8622a2a2a2a2af85f2a2a2a2a2aab2a382a2a2ab02a2a2a9244e72a2a
d9d9a8a8a8d9d9d9a8d9d9d9a8d9a8d9d9d9d9d9a8a8d9d9d9d9d9a8a8d9d9d9d9d9a8d904d9d9d9a8d9d9d95431a8d9d9
9797a2da43979797669797979897559797979797d5519797979797017997979797970d9736979797e1979797798a4e9797
9e9eade1429e9e9edd9e9e9e999e4f9e9e9e9e9e33319e9e9e9e9e939d9e9e9e9e9eb49e239e9e9e999e9e9e20ca469e9e
cecef77fe5cecece61cecece87ce51cececececec586cececececed790cecececece66ce3dcecececececece311380cece
d2d2927cdfd2d2d223d2d2d21ed27dd2d2d2d2d25a79d2d2d2d2d29a34d2d2d2d2d233d220d2d2d262d2d2d2d19d18d2d2
32326c6b163232323e3232323f323b323232323251c832323232325be432323232328c3234323232d632323225212e3232
d7d76972d6d7d7d720d7d7d7afd7bdd7d7d7d7d7eb82d7d7d7d7d7fa24d7d7d7d7d77fd76fd7d7d7d3d7d7d7f175ecd7d7
cdcd1e3037cdcdcdc3cdcdcd2ccd65cdcdcdcdcd7d83cdcdcdcdcd7dc1cdcdcdcdcdedcd13cdcdcd47cdcdcd30eba5cdcd
3838b9a5a8383838c9383838b03842383838383895023838383838c7283838383838383849383838ed3838383d4c143838
4949af920c494949674949495b49114949494949d8b549494949491d2749494949493749c8494949fe4949492ff6e84949
9e9e4a11e69e9e9e0a9e9e9e9e9eeb9e9e9e9e9efaa09e9e9e9e9ed9cb9e9e9e9e9e119e489e9e9ea99e9e9e3d06db9e9e
98985d5d5d9898985d9898985d985d98989898985daf98989898985da698989898985d98749898985d989898dd935d9898
e9e983fd04e9e9e983e9e9e9aee983e9e9e9e9e95983e9e9e9e9e9ea83e9e9e9e9e983e983e9e9e983e9e9e9838383e9e9
5e5ecf6e7f5e5e5ef95e5e5e4f5e8b5e5e5e5e5ecf555e5e5e5e5e5b225e5e5e5e5e0a5e285e5e5e265e5e5e44ae835e5e
fffffe4016ffffff66ffffff85ffc5ffffffffffe115ffffffffff4392ffffffffff82ff7dffffffe4ffffffffe61cffff
3c3c82ba6d3c3c3c2f3c3c3c933c273c3c3c3c3c2b973c3c3c3c3c1c193c3c3c3c3c9c3c7c3c3c3cf33c3c3c4bf6833c3c
0b0bb17bb80b0b0bcd0b0b0b7c0b720b0b0b0b0bd8a00b0b0b0b0bf9630b0b0b0b0b060bec0b0b0b040b0b0b4eced20b0b
4c4c2cfd884c4c4ca84c4c4c464c634c4c4c4c4cab714c4c4c4c4cb9c44c4c4c4c4c684cdd4c4c4c134c4c4cbdab1e4c4c
8b8b288b288b8b8b288b8b8b288b288b8b8b8b8b28288b8b8b8b8b28288b8b8b8b8b288b288b8b8b288b8b8b2828288b8b
7777b4b3d7777777c377777737774477777777774204777777777734b57777777777ef77487777772c7777779e8d697777
e3e3464646e3e3e346e3e3e36fe346e3e3e3e3e3dd46e3e3e3e3e34646e3e3e3e3e346e346e3e3e346e3e3e3464646e3e3
e4e42a1d60e4e4e4a6e4e4e4cfe45be4e4e4e4e4895ce4e4e4e4e4c66fe4e4e4e4e498e464e4e4e41fe4e4e46b2af6e4e4
4a4a3d3d3d4a4a4a3d4a4a4a3d4a3d4a4a4a4a4a3d3d4a4a4a4a4a3d3d4a4a4a4a4a3d4a3d4a4a4a674a4a4a3d3d3d4a4a
83833e60ce838383ff8383832983898383838383b9fd8383838383b0368383838383b2834183838397838383579ca68383
1919a8a8a8191919a8191919a819a81919191919a8a81919191919a8a81919191919a819a8191919a8191919a8a8a81919
5c5c9a658b5c5c5c855c5c5c125cc45c5c5c5c5ca62f5c5c5c5c5caee35c5c5c5c5c435c365c5c5c045c5c5c92e2b85c5c
5a5a5c5c5c5a5a5a5c5a5a5a5c5a5c5a5a5a5a5a5c5c5a5a5a5a5a8d5c5a5a5a5a5a2e5a5c5a5a5a535a5a5a5cc6e55a5a
0202dac4c402020219020202c402c40202020202c4c40202020202c4c40202020202c402c4020202c4020202c4c4c40202
88883010ec888888b38888886d889388888888889c6a88888888883a0388888888882f88fa888888d988888867f11f8888
b9b9c322afb9b9b928b9b9b96db948b9b9b9b9b9a202b9b9b9b9b9380eb9b9b9b9b9c6b9f6b9b9b9d5b9b9b9b23822b9b9
0606d3eb6b06060633060606b9063c060606060607440606060606f5f306060606063d0600060606a30606065a1cb00606
9898f583189898981f98989809986a989898989895319898989898ccfb98989898983398b6989898449898984ec3c59898
3939b45fba393939853939395339e239393939397a9f39393939390d363939393939bb39183939397639393949e57d3939
676702020267676702676767026702676767676702d4676767676702ce6767676767026700676767026767675f02026767
dede296ff2dedede94dededea0dea8dedededede53f3dedededede6463dedededede82de64dededec8dedede86e330dede
bbbb516160bbbbbb47bbbbbbc3bb47bbbbbbbbbb4747bbbbbbbbbb4747bbbbbbbbbb47bb47bbbbbb47bbbbbb474747bbbb
43430a0a0a434343284343430a430343434343430a0643434343430a0a43434343430a430a4343430a4343430a0a0a4343
3b3b8e8e8e3b3b3b8e3b3b3b8e3b8e3b3b3b3b3b8e8e3b3b3b3b3b8e8e3b3b3b3b3b483b8e3b3b3be43b3b3b8e8e2a3b3b
7171bebebe717171be717171be71c67171717171bebe7171717171bebe7171717171be71be717171be717171bebebe7171
1818c55f6b1818187918181831183618181818183636181818181836361818181818361836181818361818183636361818
d9d9e0db6bd9d9d9f2d9d9d98fd94bd9d9d9d9d97c4bd9d9d9d9d94b4bd9d9d9d9d94bd94bd9d9d94bd9d9d94b4b4bd9d9
22222370872222229d22222231225222222222223674222222222250742222222222742274222222742222227474742222
9898e8e8e8989898e8989898e898e89898989898e8e89898989898e8e89898989898e898e8989898e8989898e8e8e89898
7f7f594b707f7f7f797f7f7f8b7f457f7f7f7f7f55767f7f7f7f7fa41f7f7f7f7f7fde7f8b7f7f7f3a7f7f7f7411b77f7f
bfbf1cf3d5bfbfbf02bfbfbf21bfc8bfbfbfbfbff6b8bfbfbfbfbfcdfdbfbfbfbfbfe1bf2cbfbfbf58bfbfbf646b39bfbf
1d1d3f4f731d1d1d3f1d1d1dea1d3f1d1d1d1d1dd43f1d1d1d1d1d793f1d1d1d1d1d3f1d3f1d1d1d3f1d1d1d3f3f3f1d1d
4242493e3c424242c542424251421142424242421111424242424211114242424242114211424242114242421111114242
9c9c3f3f3f9c9c9c3f9c9c9c3f9c3f9c9c9c9c9c033f9c9c9c9c9c383f9c9c9c9c9c159c3f9c9c9c619c9c9c80593b9c9c
5656810b785656565956565600566756565656566735565656565602f05656565656385632565656c9565656a0b6695656
64649e79ae646464dc646464dc64236464646464f42e64646464643ce7646464646423647a6464646a6464643c9d406464
eded2ea498ededed12edededa1ed50ededededed83aaededededed88a2ededededed20ed0eededed19ededed5c6f7aeded
6e6eee6e636e6e6e856e6e6e486e816e6e6e6e6eef526e6e6e6e6eb2d56e6e6e6e6eba6ea56e6e6e106e6e6e68c26a6e6e
caca67e559cacaca2acacacae7ca28cacacacaca2c7dcacacacaca8916cacacacaca3dca15cacaca93cacaca85173bcaca
9191e3408891919112919191fc917b91919191913dd791919191914bb391919191913f91dd91919110919191a7cbc29191
3434bababa343434ba343434ba34ba3434343434baba343434343472ba34343434343734ba3434341a343434ba04d33434
6b6b6d1f616b6b6b6d6b6b6b7a6b6d6b6b6b6b6b356d6b6b6b6b6be96d6b6b6b6b6ba26b6d6b6b6bbf6b6b6b6d6d666b6b
d2d23d753dd2d2d23dd2d2d23dd23dd2d2d2d2d23d3dd2d2d2d2d23d3dd2d2d2d2d23dd23dd2d2d23dd2d2d23d3d3dd2d2
c0c0bdbdbdc0c0c0bdc0c0c0bdc0bdc0c0c0c0c0bdbdc0c0c0c0c0bdbdc0c0c0c0c0bdc0bdc0c0c0bdc0c0c0bdbdbdc0c0
a5a5394ae6a5a5a525a5a5a5aba591a5a5a5a5a583a7a5a5a5a5a5018aa5a5a5a5a5c5a5cea5a5a53fa5a5a578428aa5a5
a6a6e9c760a6a6a6cea6a6a60ba67ba6a6a6a6a694fca6a6a6a6a62068a6a6a6a6a659a6d1a6a6a6fda6a6a6829616a6a6
a6a6e69c70a6a6a611a6a6a670a60ea6a6a6a6a670fda6a6a6a6a6707ca6a6a6a6a670a6b0a6a6a670a6a6a6f07070a6a6
4f4f2a2a2a4f4f4f2a4f4f4f2a4f2a4f4f4f4f4f2a2a4f4f4f4f4f2a2a4f4f4f4f4f2a4f2a4f4f4f2a4f4f4f2a2a2a4f4f
0a0a0d26940a0a0aae0a0a0ac20ac70a0a0a0a0a2e320a0a0a0a0a780b0a0a0a0a0afc0ab20a0a0a6b0a0a0a3ccec60a0a
3333d16e6a333333d23333337133cb3333333333e3323333333333076b3333333333513360333333473333333d64283333
eeeeb5395ceeeeeee7eeeeee0eee6eeeeeeeeeee5a25eeeeeeeeee0341eeeeeeeeee5fee70eeeeee0deeeeee7722feeeee
dbdbf0c9c1dbdbdb6edbdbdb3ddb5fdbdbdbdbdbc298dbdbdbdbdb5783dbdbdbdbdb84db37dbdbdb14dbdbdb035067dbdb
8a8a7474748a8a8a748a8a8a748a748a8a8a8a8a74748a8a8a8a8a74748a8a8a8a8a748a748a8a8afb8a8a8a74e7d88a8a
7c7c4f4f527c7c7c4f7c7c7c3b7c4f7c7c7c7c7c704f7c7c7c7c7cbd4f7c7c7c7c7c4f7c4f7c7c7c4f7c7c7c4f4f4f7c7c
bfbf069f26bfbfbf77bfbfbffabf90bfbfbfbfbf6c30bfbfbfbfbf3030bfbfbfbfbf30bf30bfbfbf30bfbfbf303030bfbf
5e5e49feb65e5e5eb95e5e5ef85e355e5e5e5e5ea4345e5e5e5e5e13315e5e5e5e5e145e305e5e5ecf5e5e5efe42b35e5e
9494bebebe949494be949494be94be9494949494bebe9494949494f1d19494949494ae94b99494948d94949444fd869494
4d4dc617364d4d4ddc4d4d4d034d0b4d4d4d4d4d86824d4d4d4d4d46824d4d4d4d4d824d7d4d4d4d854d4d4de439034d4d
28284c69c62828284c2828286e284c28282828284c4c28282828284c4c28282828284c284c2828284c2828284c4c4c2828
adad040017adadad27adadad79adf7adadadadad80dfadadadadad25d2adadadadad64ad87adadad48adadad1784daadad
b5b5f5b4b6b5b5b503b5b5b583b5c5b5b5b5b5b54aa2b5b5b5b5b5c223b5b5b5b5b56db53cb5b5b520b5b5b578612fb5b5
f8f8f7f7f6f8f8f8f6f8f8f89ef8a6f8f8f8f8f8dd92f8f8f8f8f8786af8f8f8f8f886f87ff8f8f83af8f8f82cdc35f8f8
8f8fa054918f8f8f678f8f8f4e8fe98f8f8f8f8f83838f8f8f8f8f83838f8f8f8f8f838f838f8f8f838f8f8f8383838f8f
1f1f8585851f1f1f851f1f1f851f851f1f1f1f1f85851f1f1f1f1f85d41f1f1f1f1f851fca1f1f1f851f1f1fd285851f1f
17172e2e2e1717172e1717172e172e17171717172e2e17171717172e2e17171717172e171f17171755171717f453591717
a7a74ec22ba7a7a700a7a7a754a767a7a7a7a7a7c8e9a7a7a7a7a75381a7a7a7a7a7dca772a7a7a7e9a7a7a70708e3a7a7
6868d7672b686868396868689b68b16868686868109c6868686868a8f168686868688468c2686868246868680db18e6868
fcfca5d3ccfcfcfc88fcfcfc1afc8efcfcfcfcfce17ffcfcfcfcfcf556fcfcfcfcfc9afc7afcfcfcaefcfcfca8d76ffcfc
dbdb727272dbdbdb72dbdbdb72db5fdbdbdbdbdb7281dbdbdbdbdb72c7dbdbdbdbdb72db0adbdbdb72dbdbdbd1f172dbdb
8c8c4d44298c8c8ccb8c8c8cf38c228c8c8c8c8c4a6e8c8c8c8c8c24cb8c8c8c8c8cef8c278c8c8c808c8c8cb883dd8c8c
4141e3e3e3414141e3414141e341f24141414141e33b4141414141e3144141414141e34197414141e341414195bfc14141
f4f4fa9b38f4f4f46df4f4f4b9f4def4f4f4f4f4d124f4f4f4f4f42dfff4f4f4f4f437f496f4f4f436f4f4f4ddf1d5f4f4
d7d740afafd7d7d7afd7d7d7afd7afd7d7d7d7d7afafd7d7d7d7d7afafd7d7d7d7d7afd7afd7d7d7afd7d7d7afafafd7d7
b7b72d2d2db7b7b72db7b7b72db72db7b7b7b7b72d2db7b7b7b7b7492db7b7b7b7b754b72db7b7b701b7b7b72d555fb7b7
d1d1c7c7c7d1d1d1c7d1d1d1c7d1c7d1d1d1d1d1c7c7d1d1d1d1d1c7c7d1d1d1d1d1c7d123d1d1d1c7d1d1d16cc7c7d1d1
6262a4f9f0626262c9626262ee6217626262626250ce62626262628c1062626262622e62bc626262a76262627ffed16262
6c6cacacac6c6c6cac6c6c6cac6cac6c6c6c6c6cacac6c6c6c6c6cacac6c6c6c6c6c666c0b6c6c6cdf6c6c6c75af846c6c
dede7e7e38dedede7edededec8de7edededededef97edededededefd7ededededede9ade7ededede26dedede7e94d7dede
1c1c4829a61c1c1c981c1c1c331c371c1c1c1c1c1bd91c1c1c1c1c7e641c1c1c1c1c7c1c761c1c1c651c1c1c647b631c1c
3434111111343434113434341134113434343434119d343434343411c534343434341134bc34343411343434da11113434
aaaa101010aaaaaa10aaaaaa10aa10aaaaaaaaaa8610aaaaaaaaaa5510aaaaaaaaaa10aa10aaaaaa10aaaaaa101010aaaa
d7d7ceceb1d7d7d7ced7d7d7d0d7ced7d7d7d7d7ceced7d7d7d7d7ceced7d7d7d7d7ced7ced7d7d7ced7d7d7cececed7d7
e1e15aa859e1e1e1f6e1e1e1afe151e1e1e1e1e19fbee1e1e1e1e1e3fbe1e1e1e1e1bce1bfe1e1e1fde1e1e139f9ece1e1
6969fbfb43696969fb6969697769fb696969696955fb6969696969e6fb6969696969a869fb69696938696969fbfbfb6969
424295be73424242ab42424257429f424242424250f142424242429d5f4242424242224263424242fd424242e7d04e4242
15154f2128151515bb15151528157a151515151528931515151515285115151515152815a4151515281515152828281515
9797b7b7b7979797b7979797b797b79797979797b7379797979797b7f49797979797b797ca9797974b979797a5d28c9797
c2c2e845f8c2c2c222c2c2c20ec258c2c2c2c2c21c74c2c2c2c2c2e31ec2c2c2c2c2dec2f6c2c2c2cac2c2c285e8cfc2c2
0f0fededed0f0f0fed0f0f0fed0fa30f0f0f0f0feda10f0f0f0f0feded0f0f0f0f0fed0fed0f0f0fed0f0f0fededed0f0f
3a3a7474743a3a3a743a3a3a743a743a3a3a3a3a74743a3a3a3a3a74523a3a3a3a3a743a9a3a3a3a743a3a3a07a5743a3a
ececc8c8c8ecececc8ecececc8ecc8ecececececc8c8ecececececc8c8ececececec18ec5bececec47ececec02eeb9ecec
a6a6fbfbfba6a6a6fba6a6a6fba600a6a6a6a6a6fbfba6a6a6a6a6fbfba6a6a6a6a6fba6fba6a6a6fba6a6a6fbfbfba6a6
aeae0f3c63aeaeaec3aeaeae87ae7caeaeaeaeae94f7aeaeaeaeae2ff7aeaeaeaeae0eae6daeaeae24aeaeae4122c8aeae
3434655ec634343465343434e934653434343434a8653434343434bc653434343434563465343434993434346565653434
2222000000222222002222220022002222222222000022222222228d6722222222221622d5222222982222223ec7612222
3f3f9261613f3f3f9b3f3f3f613f913f3f3f3f3f61613f3f3f3f3f61613f3f3f3f3f613f613f3f3f613f3f3f6161613f3f
a6a62e41c9a6a6a693a6a6a6cfa617a6a6a6a6a6e7a7a6a6a6a6a64a41a6a6a6a6a609a662a6a6a63da6a6a6628a0aa6a6
2b2b1a1a1a2b2b2b1a2b2b2b1a2b8b2b2b2b2b2b1a1a2b2b2b2b2b1a1a2b2b2b2b2b1a2b1a2b2b2b1a2b2b2b1a1a1a2b2b
f3f30ff3fbf3f3f32cf3f3f353f30bf3f3f3f3f325ebf3f3f3f3f33e11f3f3f3f3f370f366f3f3f38df3f3f36a25f0f3f3
060674be3c060606b306060645067a0606060606d8ac0606060606295106060606062b06ba0606064f060606c57eea0606
2a2a605bde2a2a2ae62a2a2a462acd2a2a2a2a2a56e32a2a2a2a2ab6f12a2a2a2a2a3a2ab12a2a2afe2a2a2ab216042a2a
1616333333161616331616163316331616161616ec331616161616eb331616161616901633161616d216161633a74f1616
1f1f7c7c7c1f1f1f7c1f1f1f7c1f7c1f1f1f1f1f7ce31f1f1f1f1f7cdd1f1f1f1f1f7c1f8b1f1f1f7c1f1f1f17927c1f1f
40406098fd404040f540404027402d40404040405a19404040404072f94040404040a740d44040406240404051d60e4040
67677d0b486767678867676764677b6767676767ee6b676767676726be67676767674767e5676767f9676767b6ecc36767
fefe1e1e1efefefe1efefefe1efe1efefefefefe1e1efefefefefe1e1efefefefefe9afe1efefefe44fefefe1e1e50fefe
08084c4c4c0808084c0808084c08c708080808084caf08080808084c6a08080808084c081a0808084c08080878554c0808
7272c2d1d2727272987272720d72527272727272fa3c7272727272fa2772727272728672e5727272a3727272ce793d7272
7171dbdbdb717171db717171db71db7171717171dbdb7171717171dbdb7171717171db71db717171db7171712196fd7171
4c4c44d5de4c4c4c1f4c4c4c664cb64c4c4c4c4c6e024c4c4c4c4c13b64c4c4c4c4c8f4c0e4c4c4c764c4c4ce618a74c4c
2c2c2237112c2c2cbd2c2c2cda2c8f2c2c2c2c2cd45f2c2c2c2c2c419f2c2c2c2c2c1c2c252c2c2c542c2c2c602dd02c2c
83833c2db78383837b8383830a836583838383835d2d8383838383f84b8383838383df83df8383830f838383adef178383
b3b3c6c6c6b3b3b3c6b3b3b355b3c6b3b3b3b3b36bc6b3b3b3b3b3c6c6b3b3b3b3b3c6b3c6b3b3b3c6b3b3b3c6c6c6b3b3
8484efefef848484ef848484ef84398484848484ef848484848484ef4f8484848484ef84a1848484ef8484843054818484
abab736cf7ababab09ababab0aab1bababababab4ed0ababababab3c9dabababababbeab87abababd1ababab4c1678abab
2222b8aef2222222b3222222f6224c2222222222f0842222222222366922222222226b2256222222c3222222ad8f0d2222
cccc6ce31cccccccfccccccc95ccd7cccccccccce7c0ccccccccccbfadcccccccccc46cc96cccccc90cccccc16c6e2cccc
12127d7d7d1212127d1212127d127d12121212127d7d12121212127d7d12121212127d127d1212123d1212127d7d7d1212
cdcd252525cdcdcd25cdcdcd25cd25cdcdcdcdcd2525cdcdcdcdcd7425cdcdcdcdcd78cd23cdcdcd21cdcdcdd65753cdcd
a2a2de8b92a2a2a292a2a2a279a2c3a2a2a2a2a20a12a2a2a2a2a2a10ea2a2a2a2a2cfa2e6a2a2a2b7a2a2a203cb42a2a2
07076060600707076007070760076007070707076060070707070760600707070707600760070707600707076060600707
5f5f00abae5f5f5f505f5f5fcc5f6b5f5f5f5f5fc6615f5f5f5f5faae45f5f5f5f5f6f5f195f5f5fad5f5f5f2dcb255f5f
9a9acacaca9a9a9a7a9a9a9aca9a529a9a9a9a9aca7c9a9a9a9a9aca149a9a9a9a9aca9a999a9a9aca9a9a9a6998ca9a9a
fbfb5857fcfbfbfb53fbfbfb77fb4cfbfbfbfbfb0d8ffbfbfbfbfbab06fbfbfbfbfb75fb98fbfbfbbffbfbfbb6e020fbfb
6262f0f0f0626262f0626262f062f06262626262f05b6262626262f0c96262626262f0623a626262a46262626192736262
d0d07f7f7fd0d0d07fd0d0d07fd03cd0d0d0d0d07f7fd0d0d0d0d07f7fd0d0d0d0d07fd07fd0d0d07fd0d0d07f7f7fd0d0
2424b97961242424b82424248f24292424242424fc7f2424242424aaaa2424242424aa24aa242424aa242424aaaaaa2424
3838b61ae7383838523838382c382938383838386ccb383838383885923838383838f93863383838dd38383808905b3838
01013d3d3d0101013d0101013d013d01010101013d3d01010101013d3d01010101013d013d010101060101013d3d990101
f8f87c5fdcf8f8f8e4f8f8f8baf86df8f8f8f8f89c8ef8f8f8f8f88c73f8f8f8f8f88ef872f8f8f8c8f8f8f8cd8cecf8f8
e5e5484848e5e5e548e5e5e548e548e5e5e5e5e54848e5e5e5e5e54848e5e5e5e5e548e548e5e5e548e5e5e5574848e5e5
bbbb2139d6bbbbbbbabbbbbbb0bb76bbbbbbbbbb3037bbbbbbbbbb506cbbbbbbbbbb8dbb10bbbbbb4ebbbbbb399a0fbbbb
25250177c4252525142525255025d225252525256abf252525252504be2525252525fb250b252525b52525253c8a842525
57571d1d1d5757571d5757571d571d57575757571d1d57575757571d1d57575757571d571d5757571d5757571d1d1d5757
eeee713df7eeeeee84eeeeeef3ee65eeeeeeeeee2dfceeeeeeeeee96b5eeeeeeeeeea0eed5eeeeee28eeeeeec68409eeee
7d7d6533fb7d7d7dc37d7d7d787d277d7d7d7d7d93d27d7d7d7d7d79537d7d7d7d7df47da07d7d7dd67d7d7d8ef8857d7d
0d0db5b5b50d0d0db50d0d0db50db50d0d0d0d0db5b50d0d0d0d0db5b50d0d0d0d0db50df00d0d0d800d0d0d1bcdad0d0d
8d8d15b9e28d8d8d158d8d8dd38d158d8d8d8d8d76158d8d8d8d8d15158d8d8d8d8d158d158d8d8d158d8d8d1515158d8d
9898a7c3b8989898cd989898de984398989898986fd898989898984cfa98989898985f98dc989898889898986370c79898
9e9ece06fb9e9e9e1e9e9e9edb9ee99e9e9e9e9e6bd79e9e9e9e9e14d69e9e9e9e9e949e989e9e9ee89e9e9ef7ed549e9e
abab644f76ababab31ababab76ab5dababababab76e6ababababab76e9ababababab76ab6dababab76ababab897676abab
8585424242858585898585854285dd858585858542b9858585858542fc85858585854285c2858585428585856595d78585
1919d7a419191919b0191919d5192719191919193cb619191919199e70191919191910194519191932191919d060271919
191997131e191919e419191917198c191919191946561919191919b8b81919191919b819b8191919b8191919b8b8b81919
b6b68b0ee7b6b6b6f9b6b6b669b613b6b6b6b6b653aab6b6b6b6b6603fb6b6b6b6b609b6e9b6b6b6c1b6b6b612f325b6b6
3e3e1063a23e3e3ece3e3e3e273ecb3e3e3e3e3e1c233e3e3e3e3efeba3e3e3e3e3e023e3a3e3e3e8c3e3e3e3827413e3e
0303c604b2030303d00303034b03d70303030303545b0303030303485703030303031103d8030303330303032ed54c0303
2222fe87362222227a222222d122bc222222222239a12222222222787a2222222222fa225822222245222222fd2e532222
767615707d7676760a767676f976777676767676f94d7676767676f9f97676767676f976f9767676f9767676f9f9f97676
9e9e39eccf9e9e9e369e9e9eb79ec89e9e9e9e9e49409e9e9e9e9e40409e9e9e9e9e409e409e9e9e409e9e9e4040409e9e
0b0b4949490b0b0b490b0b0b490b490b0b0b0b0b49490b0b0b0b0b49490b0b0b0b0b490b3c0b0b0b490b0b0b8249490b0b
7b7bea40107b7b7be47b7b7b1c7b467b7b7b7b7bbaf07b7b7b7b7bd1e87b7b7b7b7bdb7b5a7b7b7b787b7b7bb5f9df7b7b
f2f2fdc6cff2f2f231f2f2f211f28ef2f2f2f2f2f76df2f2f2f2f298bef2f2f2f2f2c3f2d4f2f2f255f2f2f2440f1bf2f2
3d3da235973d3d3da23d3d3dfc3da23d3d3d3d3d1ba23d3d3d3d3d26a23d3d3d3d3d573da23d3d3da73d3d3da2a2a23d3d
2424cdcd79242424cd2424244b24cd242424242402cd24242424241ecd24242424241024cd242424b9242424cdcdcd2424
d6d68f684dd6d6d6efd6d6d657d674d6d6d6d6d63159d6d6d6d6d63b7ad6d6d6d6d608d6f7d6d6d683d6d6d6954496d6d6
e4e4ba1bc8e4e4e4dce4e4e4b3e4fee4e4e4e4e4f012e4e4e4e4e4c076e4e4e4e4e461e4a0e4e4e497e4e4e4404a66e4e4
7373f7c51a73737316737373f1731b73737373734f467373737373a8167373737373e97362737373db7373731780ae7373
1b1b3e3e3e1b1b1b3e1b1b1bd31b3e1b1b1b1b1b773e1b1b1b1b1bb63e1b1b1b1b1b761b3e1b1b1b3e1b1b1b3e3e3e1b1b
b0b0474747b0b0b047b0b0b047b047b0b0b0b0b04747b0b0b0b0b04747b0b0b0b0b047b047b0b0b047b0b0b0475902b0b0
c0c00eb6cec0c0c0afc0c0c000c0b2c0c0c0c0c0e8b8c0c0c0c0c00536c0c0c0c0c0aac015c0c0c018c0c0c046b1d9c0c0
25250b22b4252525f8252525b82533252525252598002525252525bd2525252525253525462525257f2525254ffaa62525
f9f91d958ff9f9f9bef9f9f94ff975f9f9f9f9f98d5cf9f9f9f9f9462df9f9f9f9f9bef935f9f9f9dbf9f9f98406c4f9f9
8b8bd7d7cd8b8b8be68b8b8bb08b5f8b8b8b8b8b937a8b8b8b8b8b21e68b8b8b8b8bb18b758b8b8bf48b8b8bb49a808b8b
afaf3ccdcdafafaf0fafafafcdafcdafafafafafcdcdafafafafafcdcdafafafafafcdafcdafafafcdafafafcdcdcdafaf
6161d471d16161613f616161946185616161616104be616161616182f261616161612e6131616161ea616161ebba7f6161
6767b104b46767670467676702674767676767670276676767676702026767676767026702676767026767670202026767
0303ec3e4b0303039c0303038b033e0303030303579c0303030303c0cd03030303034603db030303000303034d39990303
dcdc5c3259dcdcdccddcdcdc91dcb6dcdcdcdcdca067dcdcdcdcdcfd91dcdcdcdcdc11dc2adcdcdcfddcdcdc5e2d3ddcdc
08083232320808083208080832083208080808083232080808080832320808080808320832080808250808083232320808
b8b85c98edb8b8b86db8b8b88db810b8b8b8b8b812c8b8b8b8b8b84707b8b8b8b8b85db8feb8b8b8c1b8b8b813ecbab8b8
b8b885d4ffb8b8b8f2b8b8b8f8b803b8b8b8b8b83f36b8b8b8b8b801fdb8b8b8b8b881b81cb8b8b803b8b8b83050c6b8b8
8282a3a3a3828282a3828282a382838282828282a3ad8282828282a3a38282828282a382a3828282a3828282a3a3a38282
3737201e6c373737f0373737ab379537373737372e8037373737376d8337373737377d37263737371d373737f306443737
0505d19e280505050b050505a305a705050505053daa0505050505d96905050505053405f10505052905050567cf840505
bbbbb752e8bbbbbb3cbbbbbb5dbb2cbbbbbbbbbba0c8bbbbbbbbbbbf05bbbbbbbbbbfbbbc2bbbbbb37bbbbbb080c53bbbb
f3f31e90d1f3f3f31ef3f3f3f1f31ef3f3f3f3f33d1ef3f3f3f3f3131ef3f3f3f3f319f31ef3f3f31ef3f3f31e1e1ef3f3
f0f0cb7655f0f0f0b2f0f0f0a7f044f0f0f0f0f0cf88f0f0f0f0f06c85f0f0f0f0f04bf055f0f0f0fdf0f0f062bbdff0f0
313147a3a331313178313131a3310a3131313131a38f3131313131a37f3131313131a331df313131a3313131a3a3a33131
9b9b7f7f7f9b9b9b7f9b9b9b7f9b7f9b9b9b9b9b7fd89b9b9b9b9b7f669b9b9b9b9b7f9b559b9b9b7f9b9b9b0275889b9b
aeae12a122aeaeae12aeaeae87ae12aeaeaeaeaed112aeaeaeaeaefa12aeaeaeaeae6aae12aeaeae12aeaeae121212aeae
2727ef3c00272727982727273627172727272727bf3627272727279f5b2727272727ed27632727275b2727278d56042727
8c8c4e4e4e8c8c8c4e8c8c8c4e8c4e8c8c8c8c8caf4e8c8c8c8c8cf54e8c8c8c8c8c458cfe8c8c8ca98c8c8c02980b8c8c
9f9fd0d0d09f9f9fd09f9f9fd09f4a9f9f9f9f9fd0869f9f9f9f9fd0ab9f9f9f9f9fd09f989f9f9f689f9f9fef0d709f9f
8787d20b878787870587878736878087878787871c3d8787878787a34a8787878787c5871487878754878787989f428787
50509c8934505050d2505050db50ae505050505066a35050505050082250505050509f50fd505050f8505050a9ae965050
9c9cdc85419c9c9c509c9c9cfe9c9c9c9c9c9c9c52cb9c9c9c9c9ccbcb9c9c9c9c9ccb9ccb9c9c9ccb9c9c9ccbcbcb9c9c
7d7d4d4d4d7d7d7d4d7d7d7d4d7d4d7d7d7d7d7d4d4d7d7d7d7d7d4d857d7d7d7d7d4d7d6c7d7d7d4d7d7d7d4d4d4d7d7d
141440d11514141448141414ad140914141414140d4b1414141414d06b14141414145714691414149e1414145aed741414
dede9422d8dedede1ddedede91de4adededededebd26dedededede9a16dedededede9bde77dededeffdededed9ca21dede
4f4f8062cf4f4f4f444f4f4f124f424f4f4f4f4fe0714f4f4f4f4f9a7b4f4f4f4f4ff14f9a4f4f4f574f4f4f58cd1d4f4f
aeae46e466aeaeae14aeaeae3caed2aeaeaeaeaebbc5aeaeaeaeae31bfaeaeaeaeae7aae52aeaeae27aeaeae4340c9aeae
02020101010202020102020201020102020202020101020202020201010202020202010201020202010202020101010202
f0f0909090f0f0f090f0f0f03ff090f0f0f0f0f0a690f0f0f0f0f05d90f0f0f0f0f061f090f0f0f01ef0f0f0909090f0f0
616102020261616166616161026182616161616102c56161616161023f616161616102617061616102616161ce02026161
eded8bc259edededb5ededed70ed61edededededa0f8ededededed3cf9edededededd6ed0cededed80ededed139dbfeded
2a2a5b29932a2a2afd2a2a2a112a7e2a2a2a2a2ad90c2a2a2a2a2ab1202a2a2a2a2a742a792a2a2a2b2a2a2a0fba012a2a
6868d9d952686868d9686868eb68d968686868683fd9686868686885d96868686868d968d9686868d9686868d9d9d96868
61619eb78b616161116161610f61bd6161616161e4b26161616161d4af6161616161bc61d16161610261616178ecb76161
a2a2a0fa25a2a2a2c7a2a2a2c9a231a2a2a2a2a2a2f7a2a2a2a2a278d9a2a2a2a2a211a27ca2a2a2aea2a2a283d0e7a2a2
6a6aaa4dad6a6a6a9b6a6a6ad76a8f6a6a6a6a6a41456a6a6a6a6a51216a6a6a6a6ace6aa16a6a6a6c6a6a6a7571c56a6a
30303131313030303130303031303130303030303131303030303031313030303030313031303030313030303131313030
6a6a573ae76a6a6a0f6a6a6a786aff6a6a6a6a6ad6cc6a6a6a6a6a53126a6a6a6a6adc6a276a6a6a186a6a6ad62f466a6a
b1b18f8f8fb1b1b18fb1b1b1f9b18fb1b1b1b1b1728fb1b1b1b1b1f88fb1b1b1b1b13bb18fb1b1b1fcb1b1b18f8f8fb1b1
767671bca6767676937676769476cd7676767676000a7676767676a9f57676767676bc76e77676763376767650fe647676
dadad57fdadadadaafdadada31da4bdadadadada3b31dadadadada66c9dadadadada49dabbdadadaf5dadada7127abdada
74740d71a57474740a747474447486747474747443c07474747474f6f37474747474b574207474740174747402ae977474
8383994a1b8383833b8383835083808383838383f6c78383838383444c83838383833083b683838347838383da0e188383
f7f712f4e0f7f7f76df7f7f7d3f7a3f7f7f7f7f76f2ff7f7f7f7f75c1ef7f7f7f7f750f743f7f7f777f7f7f7546aeff7f7
acac5b7296acacacbdacacacd4ac2facacacacac3fa0acacacacac8614acacacacac25ac83acacace1acacac7014b1acac
f7f7f1f923f7f7f722f7f7f710f730f7f7f7f7f7a990f7f7f7f7f757c0f7f7f7f7f7e7f799f7f7f7f3f7f7f780780bf7f7
5c5c8b8b8b5c5c5c8b5c5c5c8b5c8b5c5c5c5c5c8b4c5c5c5c5c5c8bd15c5c5c5c5c8b5cd45c5c5ca25c5c5cb6656a5c5c
e6e634ecbbe6e6e61ce6e6e6bee674e6e6e6e6e6a322e6e6e6e6e6c6c7e6e6e6e6e6e2e6d4e6e6e67ee6e6e6d9b87be6e6
7a7aa194e07a7a7a947a7a7a397a3c7a7a7a7a7a7eae7a7a7a7a7a9d567a7a7a7a7ab97a847a7a7afe7a7a7afa06b77a7a
