0000000023dc4e000000008fc7760000010133954d00000101b00aad87681a475acdf4bbd8dea12413b2b22b0fdd3db33f
00000000b81f770000000016120400001414bc302300001414069991141d07f13ae97db00bfba916c8280cea7b4fa347a2
00000000462fe900000000b7208700001515b73a5e00001515a17711da676746bcc4b52b1935949471e5825a1dcaf1b57e
000000008217a20000000079ef0e0000ffffd32e7b0000ffff14da6617bb8bc449863c1d3713c7db9d1793454b2fd3a20c
b9fd2cbdd58f3ed87fb315047e2513e2fdde6dac6b46610cd0fae286b8b95d654e6145014274f1c9f34d4e6c441aeea260
d2c408f1142923c308008d1284151b7b7d280c588967482d856c2f2b8a6396793b0c88b6eba68ceeb316b1fa3c213f947b
005fc59331980e35640e2f3a84976d79127fb2147e467c450b595a5709b9e2ff56f65de7f780aee22216dd6205f3868fb0
6696ffdd3895a1832a3cbbd33d9febc2d6b806e8815eb838c0b323b8f397198ab75737e701f34d3802073efcd0336865ec
00000000001e25000000000091710000000101bc730000000101dd187b36aea8d47ae993eb03ec4d8d891bee0a0ef6c8b8
000000000022230000000000e73e0000001414f3060000001414510b4cb56c4af7e22aee7ee18f6f10f45f656383f2dd53
00000000006f69000000000095fb000000151503870000001515c96d3ce159a331365ef097101be2b3e3043e8a067f1da2
00000000006e040000000000900a000000ffff49b4000000ffff946eba04fc795c0f009d094780824fdd09bc4864ae3bd3
d734d1c698692ef97820307b08f40505add626bc80d38fcbd5b0b73a4e94dfc9915eeace9aafa9fcd9acc56241115f61dd
7ca13f7862db47c11293c56e09938e2619b0ae8c1ae1572c228ae04fe175de83b6e119a729f4a68627d0aeb1cdf96786a7
bbad863bf2940e5e7acf0166ff80c00406c7fbeb516c9ec4ff88a7b7e78fd67423ad31b890a1a3400576f1b7e7752a6787
85ad73e7bdddaba8351ef4c2e10e252a340c416ff620359f27843142400de0b11133138cb14e4c78ffb43d594f3feb701f
0000000000007600000000000003000000000101b80000000001010e065e1bc919fae32571aa0cb28ab12e4ea7ef929489
00000000000034000000000000c00000000014148f00000000141432e4d9a0903a133100cc3ac07e112bf4cd47c0db4ea3
00000000000056000000000000b9000000001515c400000000151541e857cf51d8e50d28ebd7d290ee26bd27f02c4967b7
0000000000009c0000000000005a00000000fffffe00000000ffff694794ea5150686a05999f9d55d0608258345a0732de
5524e32595b9d3fc45069a94cbfa0b59de48bda213e8597ebe245fdf53a7b3491b4bcceaa69767404be36e80e6e0219ce4
aa8d28d29db28638e5ab6213ac5a79e9baa871ad7f1d3c6b74c58c03a5f57dea91b713253657946082a3980393b5ad143f
569bd8384cd9c5eb4f26b6f02f621a362fc9a96c89e5a08400a98c54048768b993aec957221ec0e499058be85570fa98bd
493ae8fd46266bdbad6b29b4a9ad56494bec53b2e91c0c7b0b8a8e1e19ea869e14d55e12cb30ba76e383a57122d7bd24dc
0000000000000000000000000000000000000001010000000000010138f23c5abf3014e9afa4674527cb2a49b986396f50
00000000000000000000000000000000000000141400000000001414e883535004ef3ab29bce83e8c32a9e2bc5a3f0c494
000000000000000000000000000000000000001515000000000015158eacc271b2e99510a0d42a089861b53255686f7ea1
00000000000000000000000000000000000000ffff0000000000ffff9dc9ccb91c644bc0906a268d5c34b56362c5702ed4
707d6958e5cb040c485b948a48662315bb9310f298c452236f26097e76c59e9248aceba20d4cda3e2ac9dd649e9cfc8881
6f57e06bce2029a82db2505c7504f5c9eae36f52c5e20402bb29bbfa1a7e92f3eaf3401c307f872313b756de63f1b14851
a44933d7e3d27ae3784f1c0b0d1c8d21ab252e25c1ea5f0793807b49dd49a8b0482b13f8741e1df18b5b1947aad04375df
7e3f8395f9b24b5e8782cdde1d0ec0769732c06a3b9d6691fcf380048945913c61305a8c4882cf04cd6ef87b1129cbe024
0000000000000000000000000000000000000000000000000000000086c716cb17b8c11ac57601f0690f245ff16b9df789
0000000000000000000000000000000000000000000000000000000036fdf752cb51beb077f6999bdaf051cc841124572c
00000000000000000000000000000000000000000000000000000000dfb893bd7810e8f391fc1e3f9bf28a898f9e6b36fe
0000000000000000000000000000000000000000000000000000000046fecca1c1b1147f816d91ae17640ee4051417262d
2fc96c9998619a74fb35081737073fe27d8eff49814b17d521df0cc8d85951289b8278c64a013477cb634ffae06126068d
95a661840878f58eb6fff8e96d8f9fe9ce4ec7275af805c164df2b921d80d570d80534d05e50cc7082e4a16cbdcc3abb00
a8ce52fc5cac004d8eb54fb5edff61d6c2188cff16a9bdfbaffbfdb7d0217b6d0eb6d9695824522fdaa0f3d14fe66fead6
54ca87539a4549de934d0e74a6b404e9856067d36f8e1df184809656f2426c7e09e29208c3fe9b0a1958dbcc7fe8690566
bc340100000000c79bb70000000019154c0000000035682500000000f33fd9fc48696c6542b93b99be3a355c363a350e9c
cb6b3300000000833e3a00000000d6decf00000000209b100000000029a7e7b71cb300324f2d6931d65133347517469cf7
3232750000000025fd8400000000560f9900000000c9bfa4000000000937e322f840a6b10305f79b3afc2f1f25fef7150f
452aa200000000251fea000000008a228e00000000011b7000000000c5a67677aa43046a72e6d452ad2b44be2afc729612
d5d1d7c7f10c15aba27a2ba028b25d9c3164fbc3aa4accddae837a783605c1fea40b79860dff4b4a40c07c5e9a5949b946
7f81e86a77c0f55b0d73355e88b609914847901b18ec29504ab5841795da0a8f321843a29e98db87dc80779bec751e7f3f
f283666162c857e602a2b588705f2b2adffefa8a24e2b4b224ab097db86de8333532a2e4800e26d87a562ebc699c247255
7ca9f429ec2fcb455ad8c90c177491eceae11a15c261b4586630bfa3a276b1d92707801a91dd650699c3f30eac393e5ecf
00000000877ee30000000037a97e00000000941cc30000010191df63000001015a0575814c022ce7cfec440a9e1c451596
00000000cca4e600000000618a100000000062362d000014143a6248000014146275053366a1654b98182030fac1a31b3a
000000005a61120000000011924d00000000e97ca900001515b3f87a00001515445da61355740c7602fadb0f7f5c8a2925
00000000eb5c8b00000000ee3b43000000002a75c00000ffffeb2d4a0000ffff39d9c860ceb07b5cfe8aa38dd70096c544
3aabe297c346fcfe27a471ed12df668e84cd6f14404874dbc20afa6037d0d76a85c4493c7f44a335a5d42c9b363f6e1baf
654d7e3cc914a46a86a2708d90906918432ae5d305d5c3f5750d5a22696e9e3fd058adb8015fc3bca5d301b6192e2d1fbd
2972c78c17eef3ff63e707fbf8ed04d47a89d52331ac0b21f6c90b90f595755edd65827d3261e8d20316b4eb9b82cc6863
84ec4486cd97297118e3270e55ab6005ef249699a5fd34558af1d6a136254e63a0322c10fcabaf75c49fdc256936f6b209
00000000bc9c90000000009604b90000000053291300000000eb1d8000000101728c9400000101ea8695a950bb5a5b881c
00000000a96a690000000047d19a0000000061056000000000179d7f00001414f4bd4600001414d6b31418e67ac1d620c1
000000006d67e200000000a619bf000000006c43f800000000167da400001515d0b23f00001515de50ccba296bd89ad3e9
00000000bb9086000000008b56f4000000009599c60000000024493e0000ffff93c9400000ffff6b0821629ecbe468700e
e501790427c091a527d3e178f9ead1d338092e513dfac2e7b3788b038f3e398020716611fddf1b1d0e3b5df768d4f549de
9a325df08bad7bba75d9cec7910c3d7e7dd3f8e6072ca6195b6ef464dfa8162fb4e86e29959e8c675a5476c4cdce93bfef
c700cc2ae0f15d8e39d55bc92bcf22e8033710799b7c6fdd170e2a581786b2c4b41d8522031f4f931f1d29974b48516895
9f3cc36f6875018e513036d119b8ae12e83c3bb4ce0e528fa07bcf19ca8e80adb5af005c46e365fabd120622e442e8bb23
0000000058be920000000038ebc1000000007051ca00000000b769f70000000024d6d1000001018ff6f700000101c34cdb
00000000b9e38d00000000f238d6000000000c3ce100000000c94d260000000016073e00001414589bd4000014146cc5d5
000000006cdd0e0000000013de120000000081f607000000004e420c000000001e65c2000015154d853700001515e8ec7d
0000000052d2dd0000000029488400000000b19457000000008ec81200000000988e110000fffff084290000ffff66bccb
9ea1d996c8c8673fb21a41dc29fd4c28b798a3e689e38bc2b96d1e8697fdab20af4e22018a159093e9b170157a29b5a1a2
94ea3924eb961f7f464a86da8b9987f392d78b172c626ea81de840b02cfdfecae77a9b21377aed486f7e9e068dc52156d4
9a93aa4ee15d885e58ddb32814371d0572c087b99fdec35c8424de95f0e7b18b5c8ce8a9275871a4f52a8e1a4d5a359eaf
b87795378a2d4f8251ff4181fabb4f6c67c4817b949570217bd7a719d1813817fdec905c051e5aa657b249d2cb4fda5567
0000000043e8c2000000007e9aff00000000c473a90000000055171d000000007ca3a6000000006f5e8f00000000f55f83
0000000075b56300000000d71834000000003482a9000000009beb2000000000bb6686000000000c134100000000759fd7
00000000f387ac00000000477d4c00000000cd930a0000000081d92300000000f677a8000000005eb0e1000000000b9e24
000000009ef48f0000000038c902000000005a3a120000000065c70e00000000baa76400000000c464d100000000596f07
72f455e55659f205d4c7d9632c245989ada81d60e6be7fb6aa2294acf41e6a213632806867c157d0766f0ea5e72d0eb332
55104642039dac2e36ecf80ce0b575ad20b46419678c7eeadad1c8b289788686773284f5fc13a1febbe2e5f10c06658e49
51db370aeb5f55515fce568170841621a74b0d6c3c3d3cb0f6439cd711688c03df3ae140d6b0aed3c661fd9015b0ae2203
ea05b0130df58a302559139647662be1f69a8ddf20df66db82072559aba8cc8fcd78c8f37d9dac118571d94752f05b12fc
18f38600000000b46769000000000ab5b200000000fc86b9000000002b00e600000000acdccf00000000af078800000000
39426000000000bd37c500000000c7c098000000008725330000000087f60600000000d40d6b00000000c6c0ec00000000
7e37e700000000c7e0410000000055fe3200000000425bdd00000000259dc500000000f2d03300000000b0019c00000000
3bb7a4000000005c4c9c00000000e38b68000000000c7b5c000000009a629300000000171b0d000000007dfb4000000000
48f8d559ef0e1c7724303bcaa7619cfdf59c7aa73382dec8327b6c031bd590e7c99460cd54e00e7c740bce03e4301bd0c4
65f009d7f412e6e629f8c5b6d82b5ffd0292b2fd685f58f12fdce7f5d87697f919064efd72cb915cb0534f562e9a96df15
f416e82d8ce022df9b68b65151dc027a18e1268149a6fee1846e52432567c7b19e3b558b2fea7e497cb993919d77009d37
85027417bd80e0215649ac12bfa3659cf40b5145f44a86b5c12601cad342b381eb9d20852c892f48c4d5deb1f6c66eb0dc
ced24ebad136866c0550126724419235b50a9e14b100000000000000000000000000000000000000000000000000000000
6c8c7c491e07c767eef5f65507ac5afc0e97fab5cb00000000000000000000000000000000000000000000000000000000
d2e88ac441cf8b21a54aad70cbfb2aad6299340dec00000000000000000000000000000000000000000000000000000000
fa966db6dec614762c2b8dc25413adb264d511c19a00000000000000000000000000000000000000000000000000000000
b3ab712d3122a51715bcd0e387b0a1824b87f653a3a9e7d9142f485e201cde962819df64921d657077896b06a6464f29f2
305df69db8b389e1343b4aec7c66fc72532080049fcb5ac04f22b656f25a6e2982953612c3e322649250452579f64d4d65
359ced40d358811c40f91c02a2b13db19bcbae16dd11cdb2e98b028eb937640c8bd6f50ff46150ae4066aef5b3bccdefd1
78c1b55a93cedf6e792e3aca3a687c05489ef6328bd1f448b5d08d6dcc01f39e4d1e001b06b77ebfa054669fae83353440
fc756a1f8896ff9b8e3f7ac0c51b8d9325180113b700000000bc08c300000000da596e000000001a0107000000009c8e0d
7ecf58dd772368d4abcb6f48c58b0c88312723b839000000003a0fd900000000eacafd00000000e765e50000000082bf38
28ec221bf4e4515210bc67b83e7c3be93e8042f169000000006eed0d000000008d690a00000000c0247700000000ac3a1b
39c771bd289bce43e988664cb6df2b2a456e4ab33c00000000d9b153000000005b56160000000030193800000000d3b021
bcda49dae077a2dfd4700f19f95ec1b71f889d5d820587c888eb2ec7fcfe9bfb7a30386f49826c580a14fca68b1de8f911
930bbe4f8427c92dbcc0ef882526d3a070c583cd418fa363162f0abac9dfe982c95116ef997934530d23a071a9410ed1e8
88b61cd18b9341c5b538501cc97cfd73ed1d9d85d43ae4cc730ff5821d463afd897bd9f65db4291f768d150ab29bdc303c
40f3f22770dfabd78070100764ab10bc02dccde27d369b07d87790b6e7fb9365ac6567ff9b325d5a6756e2a16ffa758ae7
bfd0aa46d757b4b99df6dadcb2a0273e3286277f3b003d0200000000b59c570000000054e5b900000000e0701500000000
e504ae8ae66a36e149fb4e1910b97b967cfe4fca4ed93bef00000000ceb2fd00000000fca5ba000000001f791d00000000
845b51ec85aea411c879c0693248dead5622757ac9776af300000000914e6400000000579be9000000000b344900000000
3325ce942a27fbc006d3b67d37f202afae2c92e3352ab7a00000000065adc8000000004915ca00000000ae7e0700000000
9a91b63a70e35c859d558b3b1c0487a3aa0a5b5dd7e8da6efd93ca3c2e617f58edb9552c26555bbe38b025c7f46fe6421e
b64665ebb48fccca380908468740f1f2d02f26cafc1ccd57b5e620a94847d30b76cd5b0e735052a499a30266495cf8bfa6
82f5895d0d7d16ab82e0d0daf5376b43b05a8bddda2e3a9b6d03d6f2c947929549775e1532def39de6cad64d08b7e3b45c
2be96c8bdcf8d2970cc5abca29c74010f059d443cd1d3f6dd6a535280b06448441cf977fe3a0a901dd0329b5f448c275ff
0000000000006a000000000000d6000000000000630000000000006f000000000000a700000000010154000000000101ea
0000000000005d0000000000000d000000000000e40000000000005100000000000034000000001414c60000000014142f
0000000000008b000000000000520000000000007200000000000008000000000000b2000000001515cb000000001515da
00000000000088000000000000250000000000000f000000000000be0000000000008500000000ffff6c00000000ffff55
4ad08653d0bf91b56c85802eddbb72f44ef00a88b12bd78e9455325bc85ccadf5765390079fe0da7afc700c7e25f17785d
2c12d6af20c671eff6c833f89776227c77f776b8248cbba7845c3623a09663fb7840afa9afef49c246e4a53facc124f809
103b7cac7d7e5529da4d57754cb5b1596d83aed3175a21b1b00c40efee4acb5b05bce5a54d5bc584d3e8f044434c396879
b7021f4dc77d867b8a38a46ce6520b4e87d7ab525c70945e76a4c1a18e5a8eedef0a029188c53b439951d49e75a6a3ede0
000000000000000000000000000000000000000000000000000000000000000000010100000000000101a1e32b196466f1
000000000000000000000000000000000000000000000000000000000000000000141400000000001414db4ec19da3d7dd
0000000000000000000000000000000000000000000000000000000000000000001515000000000015159076572d86b5e1
000000000000000000000000000000000000000000000000000000000000000000ffff0000000000ffffd91229c7024df4
b8dc841a7246d263b7665faa826bcdd02e94521022eb90498c10e684af5c054e18b158a6460be5f955f0a5936640da0078
89879eb237e510e6fb6c77f65faf08b1cddc3d767d0a79d89b672070a33625158aaa9e7bba377633e6955713d83b3f91b6
7a27676c6932df093f8b1f8a24ca152dd995a79b016a02ba0e675e8675c7c40797a8974f7b7c037a03fae27af75f5e9991
a04d209d20aff5857f65c515aabba112089f50bb5253817d2561b754b23182f61693a43a3aff58c8459b099d68b61d58c3
96000000000000a1000000000000ff000000000000c1000000000000d6000000000000b5000000000000dc000000000000
dc0000000000003f000000000000d9000000000000c900000000000027000000000000240000000000003b000000000000
79000000000000b100000000000053000000000000090000000000004f000000000000310000000000001d000000000000
03000000000000a600000000000047000000000000b0000000000000e800000000000087000000000000ad000000000000
7b5dcf43369a45db7badae2f3725841bcc183656a8c672f37da6939a78b6d70bbbb6278a1ce6a7cf5c33a52bb3ad56758a
2f516c1385baa0a53031455e225089c755540e6a22baf3f4691eadd5af62bbd0725d5f6a028ddd1b3480cda55ff58e7577
c1e5414db773ed771e6bfd3915a9b40657bda2369815f8fd8b8c4e3e6ee116d49794af0c66aeb194cded8905591765c240
42109ba9916a5494c2822fb4b1cf3eb41ebdf69439f916cf5ef388323922fb3ee1109b99fa90f7f655b82a3110d658863a
015fd527baaf73000000000000000000000000000000000000000000000000000000000000000000000000000000000000
13ecc962bb0074000000000000000000000000000000000000000000000000000000000000000000000000000000000000
ca3acf07a46d66000000000000000000000000000000000000000000000000000000000000000000000000000000000000
8ee578fe96a8bc000000000000000000000000000000000000000000000000000000000000000000000000000000000000
29d2c48a39d63d70abf2471e73cbaaaefe6ffafe29cda9ebe87d6bdefe9dd639758a31d84e81b4df57a10e33fc633302c1
eabf9273df8bfc7e057675db4e68f42016f835f7f6205ae1181b4e45a7f7c93a094ce47fafe09874d1651a97f034d5e513
2f327998d00f47f94145d327d0e372e7bccbc5bd2b21bbe2b0ff6be90f041b2bd8365ad50f7e66d47433d1a0c531312f13
74fb130a71d8d03637a175cc5770fea842266675a2e22b9c3f004458a4ad0e651ab1069bdead118018b5575e4784e60978
00000000de040400000000e7e63e000001010b134300000101bf339558bd7033aa1a46cd0c1ba6b1f307cf0510800b218d
00000000b0031d000000009471ab00001414271b4a00001414adbbc96d0e73515ab70c9d774461b3c954c7cce9409e8dfd
000000003ee40e00000000add88f000015154753cd00001515f4b0ba306283a88a99905944a0631072c281cd947a8f10d6
00000000d108710000000032dd730000ffffba2cc60000ffff6844e4ba97352b0d2aa8bcd6f061d3ba791a073a64503edd
d23f085af5ab434b2186c6728548d81fc00bc04fbe6e88f7be127c48ccbd45ca02f8d2a72def6c4ea3991a0773307c54f7
e3acb4e6ed31bcfa89c1761e0ec630d02b5e21055522192a09cf2526a7be4a317b5d0f95603e7a8bb58f76df687a73a4bf
0134b72ed7ce64b1b6a6edfb7d82f8d5efb64b7fd07d0d7532e1d8f600b2eaaf844c3a05e1a65d30c9f2148b48aa949286
cd323786bcfe96b1d694bfc922d13df6d1b312c58c779c8a2ae0b39ff69d7f31cff861e1a95d2cb3fbcb0bf91e27abe8a0
00000000004d5f000000000054600000000101e28800000001011b228a0e987a99892d2aa57f950ecdf0a79954f8b1024b
0000000000e2b800000000006ddc0000001414e1f80000001414b06dae5a8462d817bff457e0b6d21915ab007da7ab7887
0000000000e4d0000000000047930000001515af6e0000001515c675517a241081aa6cc25e6549b1d2086716363ff296d0
0000000000a5b200000000001a81000000ffff8aa6000000ffff14e270bae27d8e40ad451226f15e0ff120786255e5760b
03310ef691fb3f74e3726220653a78b9f86045e6c4fb5c346a84588eaa87d937a68c96d6baea684f1d2ecd558461015533
50441f86445cc2966d59ada288c515107019de5451cf37a301e14db7b3a5d7949b764f9e928eda43fe6d6b5757a7eaef20
68170980993057b163f3dde9888c2e9dbc19b3cb8886193105c87472994f60aa3680c51bbbc574a49be5392d7de09599b3
69213451af02f4ddda6a154c9164e4018edf7c79c89dd380e05b5734cfacaa6682de5e98dd48f34ff0065ad0b57dee73d3
000000000000110000000000004a0000000001016d000000000101016932e45d5bc97d31f45e0f7cfe4dd9114adc3a46eb
0000000000001e00000000000091000000001414360000000014147166c61351899a6630df4bff5b68391923e3d2d9efb9
00000000000036000000000000530000000015151300000000151597c1404f7665ec7adb5c1eff6475385e54011ac1a221
000000000000a80000000000007400000000ffff2900000000ffffcca7ff23c53eaa2b880d7dd934b5e0d4c6a051aeceb5
fe4308d4eba6ae55ba5a55347c8b07236d19816a4238437af22d82c1b932535d7959deb19ea7883fa7c63bc27da56adab3
d81e420c681038eb3e21addff971110d10177d06eb17fa2bdc3af7c37aa7e19625c2cda96cb40018667399dca88ca0c1bc
d038727a7d3c013abf7a6f608389bcb8e0d157ecc54d626817d35cfb7a8b73d4c800059a14e8173c424193c58cb5de86d9
d5a7264303be36c14c5975bc9065d5516ef225f4bfe2fa2ee6299df03438cb327c9bf61ecfcea947b2875b58dfdb82e250
00000000000000000000000000000000000000010100000000000101f7cbb147761f60aaafb7bc727d59878526a3b6759f
00000000000000000000000000000000000000141400000000001414147932518d7012bd2d1cd9ca791795e9b1742692d3
000000000000000000000000000000000000001515000000000015154930ba1e097ff77bb199357d54edaef06a41236532
00000000000000000000000000000000000000ffff0000000000ffff9c2f4bb76be6c3cad00a340057f3a08573e2c24061
b2395cfe555374b62b77a3382b770b6a528756cd65138d70125dcaaaf74c073ade093f491bd512d55bfb38be78259adc2e
cb04734099ce3d112e1c739bfc2c43ce04263a7193c588a00685c5543ded44d292648ca0f676df2817f6047c40f050475f
390402f2c04eb14b4f9411d79c0e703049f6a69136fe880005e91d74c9599df915cca111650bcdeffb671dd2da11e885e3
d777fee42c8570702f92b91608176a1fda5c3bbc88445baea6babe77cb164c365c47343f158ddc5d7ced4e50fe87bdb8ed
00000000000000000000000000000000000000000000000000000000770f2291d32c18c7e17c7246e20f6de9f591931921
000000000000000000000000000000000000000000000000000000008b9af373f1095d81a8803432fafa676ba4520bc931
000000000000000000000000000000000000000000000000000000009a025c0bb6bef475696098b1859b7eca73e23161f7
000000000000000000000000000000000000000000000000000000001ce577f8627a1aa9774f00c10f0c3e10198b5ae753
6490124e6255b60bd56bfaaaadfbf8b1f25bda01e3b4abf5c95f71a327727180241ad1b87e9cb2aa519df3454b9943759f
ef66b3e6fde763c34ffba3138e583e3d7554b4f09befcb2eccf4f88ff70b036cb70402bfe36c7e846174e68d741eb149c1
47b9f0871b356eaf00b0f7ce3e8c6f64a72a0ce11296d2e8a289e5862fc3b131cb785135dec3a76bd679acba4b18b3eb16
bef859a9a6216cfd158bf13bdd674f6a5fe6c0206e03198b16fc3fb2cab94528b76ca676fd104e30f3b525f9040d2ae970
6866cd000000004aac42000000009143090000000022f86100000000c72938ef165f440e3e10b413cd56339d9320eccf6b
7583b0000000004f35bf00000000535527000000008ad9e400000000508c180d11b650a4a0c442149b9d83190dbe652f31
b0f9ac000000006a78fe00000000dca64b000000009b46f80000000033e7215b8a9b0ef2f3e59ae78bb83e52a5cd99ee4a
1bea9700000000befbb2000000003b3d8000000000b2fd5200000000f617a704d35281a9b45c1d9ed9f8c6c299f226941d
749cc5b359ca9bbc2ed105c5b437844559aa562f78e63971d5a3a179480b98287a1207666d6aa79bfbcd80a9a75633329a
419344c0a8635b8ec354321d3af746dfd0859d723f516eb63c7f4ec0cde0840b453e7a2c01137473ab70db643df962c787
416b15a577242ad5a85006af0595b342e8536d3171ce839bc822f85961cabe43431fcb5d92c5b9fbcebb06d46b06498f71
a498ae97173585ed878f359d174b8da5fa955472e1a0909fef61e2c022df0699b02844c41474ccfd51800e2fdae02ff524
000000007ea2b700000000ba54e100000000e8659e00000101cba7da000001018ad31140f0e1d13c2d98026a81d8262a3a
00000000d83e6700000000132f580000000032f7e3000014149c437400001414fedd8d1d87a2510bb7612d6423803b03c9
000000005b1f2b000000006f74fd00000000f4958b00001515353f400000151595675f3df701a0c0c80ced1661b0e832b4
00000000f12faf0000000003cf34000000001fcf6f0000ffffd5809b0000ffff5c7d08b7458ca7c5ff96270ec503ac2557
8769073298484b9782ed9637f24fe4ab4f8cec33454e14bbc44b7f459f7498575a8bd8452135192352065aa017e2186b6e
298900c3b9dcfe6e0b5a221c959dd368573f1b64e1be49e330ed92c0ab1921594380af5544c88123043b5a0d2593bfdfb6
4b190a848b5d206fc2cc46324dd5b92667f7ef1b52f548901fa5629bbcb8bd0f2f508113a8ba8d62cb3e97388b7c0cd6b8
1f8fba12a9a46aaf820bdedc48e121572806c3a2360e96fd2f77abf73761874eb2e94579709ed2ddebea601e73b2addc6a
00000000e20a07000000008f84de00000000f09d230000000029a9d300000101a0f7dc000001013f6b7548481629c566af
0000000046cdda000000008be69400000000ea5b0f00000000329ca100001414548be5000014141d0c3326667ee58be515
00000000a0509200000000b8aa39000000007c0b7400000000aa148e000015156ffec2000015157fd27e60b0fedd9a31c0
00000000fb3595000000006becf600000000fcdf3d0000000053168e0000ffffc12a5a0000ffff2b4b3494c3ec512bdc9b
af2470eb669295d3b004a55a6886c22450eaad1cd480c73ae8067a89fd0aef0a939648417784d7c88bfe6d6b38e0d72d0e
1c09d1e4b6a468e8540d451da7fa455ab2b1625311816b2e6250fa90b9412c6c21ed9f1c6ce6107d77ce4443cc2f5ce2ed
fe41687620d0f3f782ad555ee1a44ef2badedd878db5ae14fb9ef2542032de91fbf0860731cbf0b25a681b4ecd1f0e363a
6fe4e2d02bca63172bbe2b2fd116e4aa3b79f354ae05f0858c9df603743c932c411712e83cdb77930dbf1799ff72eb1073
000000002f9635000000008bb07e00000000e5701e0000000089f4e200000000e0db73000001017a44fd00000101b1d717
0000000036603700000000f3c2110000000099fed9000000002bf38c000000007f8ff90000141466ce1800001414adab63
00000000dc8a680000000024b171000000009dc4a7000000008091c800000000404dbf00001515be6e8a000015150a4e17
00000000bcee740000000007bff20000000054bab3000000008b3988000000008c76470000ffffaf4baa0000ffff3576aa
be95d685e98654c6ce679c7fc9e9b4cdd855e6817c78055676cc88ca9d949931bf66347b6dffbb7703c4fdaec5bc00b5ea
4fd60e1271c18dd1d5bfa9b8364b2db76b144b0b6881a13b824cfca0c97d9093941c84a20e18475913906fe277c7509608
1b809fcb8b3df3cf150055473729462b65aed912528e46f4c931b6cbb2f1dc2aa047603864e8bb276ec1e4adf344dd912e
1e001294f7dfd79a955de16db7dbf51a353650a579de965f4ad439d1250acc0dce9b815f3fe9b08dd22c327afc817e1999
000000005fe0da00000000d146f300000000a79c2d000000001529f600000000aaecd5000000001732dc00000000a2a4a5
000000006f915400000000f034150000000014097000000000915a7f000000006ad03a00000000a71cd20000000091376d
00000000f1204f0000000078a4c900000000fdb686000000004eade900000000980cd50000000040522e00000000015210
00000000bb093b00000000a6857a0000000047176000000000d29bb80000000078e5fa00000000d014730000000072b86f
5df629dedc6f33390852f2eca587240bdd0df9534c4c83d0c2d376ffc49f19226ebbdb7bd7f2811b274eab503582c5aae3
2674907da30f7be348d0aa7daa6be8675a811c6b1953686a8d8eb6df98c3e5c720769d4c1e5e5c2d4369410b48136bf65e
5904a3c9b2a76fa62f08d32d5782a430862d24af8ca3e0f99e27a08c5a43b4052ca1a920cce9c74d1126b94692b9a8cf34
589fdd9a32ab27d0665077914ee9214890ac45a742a52c3eeb554f58ce28ca0be0890a1938a118d9c1a5f0320ede824dd8
cb0486000000001db1290000000079b2ee00000000fc721500000000f78fd2000000000f1c6b000000002311a200000000
4b245200000000cf2b8f000000003f7791000000007c5aa300000000fac3390000000062fae000000000e9837600000000
74792a000000001bf74d00000000b18d4a00000000dee97700000000848af400000000c0c8180000000064242e00000000
6623110000000033039c00000000e000a70000000085370e000000007dbc2200000000fd74970000000095794500000000
4864152306e82bfe28736af81fbadfb60724e859ffb1ce2108ccdbdc6a0f83d6b9fb1429e3c495f4621ea02291e07fa490
d69b2df2549816be9e1dc45bdf1189bb7b66524c63a78ee38a03610abcec7f6fa8c818c427746e511008c9403cd0979ac8
ac124946bb2e2146bb72ce17bf64e24512ea4bcbb2dc9cfa472af5ebb68556dfd22c8e108fd7963cc3856cc8a22553b83f
ce12b2195843d0f46c3626d3d1375384da5f40c69c258e73b53fe2a589f4a0808a2e23170e1896aaa8cdd32804a6001217
bfe13bbdea77a84ea3d97a44623d10db9de904d01500000000000000000000000000000000000000000000000000000000
edcad2dd87307900dee7328436e5bf29dee8e5242800000000000000000000000000000000000000000000000000000000
1c93eae62e02120d790c262352c780d7ad12ece91800000000000000000000000000000000000000000000000000000000
3271befe3bd08a84f3c5f18765cff59e698d91347500000000000000000000000000000000000000000000000000000000
97c6d394ad0a76818883428931655163b89c13e1b3eae8e7271122759bf1fc027a733c08c2f4efb3fe8f9aa817ec5ca956
04df53665a704698372fd64c564f45dc2905d532597dabcd1d06ebbf156a682a44c596d8f2b53aa05ce351cb0d4f0dde58
fe6d29c6ff4153a91bc3c888853f6ebcd4611b133734636a72c39a3997d444e90e77cdc2c60a7396aee846420e630c8351
fbb39f0a0a143bdb91205fe818fef479da4b92b4cfd0b6ee8a1e45ea2ca29da330a1c4b5c55b093d8447ecbb29ebe5e6d2
5936b3fdc4295922a0b6a4e7852ffa8a90297a46ea0000000085ab12000000002f873e0000000031bcb5000000000a092f
2466b06844394c9ee139a8eaa4bad9be6777fc0705000000002f813700000000e8ee14000000004f1e21000000005af356
e698fa548a128cfad05387ad6a56106f9d3a005c2500000000be763b00000000ee035600000000874677000000006ced9f
49148db161d1f56cc17b4bb469829ea1dbc31ee3290000000023f7ff00000000e38c94000000004826d100000000c5a212
4c1edcfc6e6ab6c49cbf687a2caab719c38d3b446411b1078e99b2c167ecf3acf6f915acfc57818c687d190d04c1fcc7d1
a4260e51baaf6c186e96ecc734f08a7b5b25f560c851dc33de2ba3f6f3063cfb5d0909a085c6765bd2f259779307115c89
ca5118b1efdb1ee63528f7766288566de2c29353baedca5196a6daeb64907a9b953ee9d6c3afd454fb3566172c99cde39a
76e92fd88192172d225c264e9536af5b48336955e1b8cacebe2dc6ec246ca446cb98377c2d2edcec630216d8b142e780d9
983e96977d6f0be85db5bec93deda73814b164d523c1f8f900000000c873b300000000361cde0000000028879600000000
e60b6e29582991898919c2d6b1477702e45cc272b039247000000000bbefd5000000002dd68600000000c2a4ef00000000
141f61736c8f2c0798dc4351524a523b39b4d619ec26ea7c00000000b4118900000000f972e1000000000983eb00000000
11a9a91581a627fbfcb37f27022ac5dcee80a96d00983c2a0000000022326900000000eb59210000000073bd2000000000
b19c8756757e5f313587919306d0626f5c4ac70788cf77fc897ea44006104e88182428f7a748025255ff93a37f8e6b2e39
ae31de529b95f5046a53c3d1cc102277ed7828012a3034558dd5ad20949c3903f3cd229949001a196ecce3dfd8cc1dd534
a39669bd5cb473f14be0dfedd580b10bd51c27b7cc690b9351be0b45f7675af5b856b912d4a6324c19501239d8f437ac44
49cd70839437482eabbf4092e6265384502cacae6d72fc6d7ea63111c8f7b2011a9ed2aae7bffb069191d6dd2df169dbe7
00000000000079000000000000f8000000000000b80000000000005d00000000000009000000000101ca000000000101eb
000000000000850000000000009c000000000000d50000000000003000000000000061000000001414df00000000141432
0000000000005b000000000000590000000000007500000000000038000000000000df000000001515e800000000151558
0000000000000f0000000000007500000000000025000000000000110000000000004700000000ffff3e00000000ffffa9
a0710aa6734a2bc226b82673e86171dd48361ca68e483c0418343442917d942a0d1de125683beae1379a2300132e1872a9
b0c161acfbdd0e2f1b90dec9ecc98f07315cdbab6dcc9d8381c6d2ca2f0ef7e2908e461882b37dd447b893136d173cb7ca
5619dc8f6002da1d0fffe16f9fd51ad59eef48f14b3bb64e7bff326d2cedc21b7cb714fa8ea3a070bf0dd2654baa756b0b
312e29ccf5c5dd6757f29cb5314c928a7407f0f20cbd2102a47854d69409d6ab7f0ccad9415013795ddd39c3ea42a583c9
00000000000000000000000000000000000000000000000000000000000000000001010000000000010116c035d714732a
000000000000000000000000000000000000000000000000000000000000000000141400000000001414066ca4ab1a3a0b
0000000000000000000000000000000000000000000000000000000000000000001515000000000015157824e2e381ff5d
000000000000000000000000000000000000000000000000000000000000000000ffff0000000000fffffaf7bbedc9beba
17d27ae3c9a5db3e866eb0e3d5acc944a1c43778c08804e40af9bc39ff325662fe9c8e7a198bc68f538aa42109f2c5711e
018912db59b42aada995fa5b06a8eae6c4faed2bf1aa4a05fbb94ee955747ae986a49a0c70a9e6ef91cdefe60abeac9c74
04d68e1c819f3f594b5274659df93b79fee2cc449949cc9cfa37acd9f73d738899da141865e941114bd9a7f451df8354e8
7da60c669cc95f8617b49e4970bcd1d87d9f6abf28a39c7a0e507732453fe3862ed8fd48485bc2ca9e595bdc1d30e80900
e200000000000047000000000000a0000000000000640000000000007a000000000000ee00000000000054000000000000
09000000000000fe000000000000530000000000009200000000000021000000000000cf00000000000086000000000000
cb0000000000007500000000000036000000000000a4000000000000e8000000000000cd00000000000066000000000000
d10000000000001f0000000000004a0000000000001a000000000000cc0000000000007d000000000000c7000000000000
d5a7f836650d00c79d0da47835307a5bda8606c9c61b3cf534ac21c619bc9d5f59f1adc040e3910f537aea8fc105f8a759
500f5764dbaf9701967948aaa3f977702084984e9e464b70c32cf1a0b2a5eb89fbd0d1ac2f0a4023b44e82c54ab3792c36
1241d28a788696fe7a4588d4d63acaca8843ea775d5319907502465f5d2ad49dd9cbd6b83cd82ca1f651746ca96c0282b0
a209c67c9bcc09d582994ea5d33f34bcbd73c124487bd2bbf2c689100e7e341e41b2f9a2613e5bb168f5d5fa1149090bcb
3809a87df764a2000000000000000000000000000000000000000000000000000000000000000000000000000000000000
4300316de466fb000000000000000000000000000000000000000000000000000000000000000000000000000000000000
4f53a37c0842b5000000000000000000000000000000000000000000000000000000000000000000000000000000000000
c29ec5a966720d000000000000000000000000000000000000000000000000000000000000000000000000000000000000
97e817b1fbe26daa24885e4c0a6cffc5686e071e103a3c0f22620eda816986d8f54896e32b9a0cf0543910054d38831804
68df4bc1311b61bcddb30b521e9fbe274710b52fd5884313d3f20ade9ab13d774cabe15204adfc15a4a573b33441fbd1ae
25f17831e04ca922e3b06ee47b42ec0b1b4ac1218b2c09d99f70d61fe49b4518daf88b91550a07089897cc6fb00f988b20
fedbc080774a80bd57a247b84a746dda14a463c2e0f3150c8a5eb51b01e6d564e91054908d3692bed3949654f72de4e86f
000000001eb30d00000000e5f8890000010171a79300000101b516cdb85a281e0456c2ef52ccc830da9a49a5b5f7a52d1b
0000000053ff900000000072620700001414610e8d00001414e0cdd63fbc33fb8e68f8184edb1d13070a621e001a7c8292
00000000e0d1be00000000a5396700001515306f5100001515fbb00d3ef37665a4d2bcbe51797d5f2eb44ace61274ffcd2
00000000f596ff000000000ba5d10000ffff7d0a6a0000fffffca175e0cdec5ff57478df685f0a44871c26c275aaec13b8
24d8c5207e476e74b15d0610190acdee12a528c850a2911d608b1ea2232725969b856c4f85f2a880712b52abe77247bc4b
4a6e9037c9abeab1b19624feb2f583e8fa67a4a650010b11e4a5cda468646d86f70c5a6b3f5696c63bf6d351e046e7afb5
8d097ae81edefd2574064c56c7e8fb27a7bb32d00e33940127353e93e67414544e11938905925539c4a5cc738f7f568357
87561be6b26e5618ae62c6d2a0110cdaac14cfce6c86854a30a33ed3cf78af636d0942b51280680c8c858a43b20a53d7ba
0000000000b68b0000000000f2980000000101db84000000010114766a5a9111eb013ee4ef5e30d1fa8753a1e3bc3deb04
0000000000c9bc00000000001981000000141418ac000000141435100ade991690ea7e281e802f40fe135b30c44b596322
0000000000ccbb000000000083110000001515285f0000001515740a704c089c86620ec76f966cb122af673d4eff6a462f
0000000000eb4b00000000008922000000ffff7ae6000000ffff80f9ebebc9d5f8a835f1c356539701e190455fa58e1f1a
f8bde812fd43ffad7bc3c4e4489e109dbb9f91df9cd40e6ea0db113e6484d1f4ab8c549b229a111b914cebde14305624ae
a59d72aa6efacad673ddbc0ddda1fcc5cd233bf0799cd75b2cbfd91bf36c53094a1b2c9539583fbf015bb78faba37007e7
ae8b673554ea14ddad8b455d11bb53961fbe9200fc5ecbdaa8fb98585b5da50c4bd55f4e86c6c7f595a1c8d7d7f6a4e0fc
f8295732139c9b9659c903958c7cbd14ed4f3594da6573cef9413641197c3dd39c49994579ac4c615a493f2ec79131ce59
000000000000ae000000000000d1000000000101cb0000000001017542cd5663d80ac9daf026429e34057a0deddbd0a807
0000000000005b0000000000001800000000141442000000001414c4e6ecc124da4eee55971558fba73f3671ae58ea9388
000000000000860000000000004800000000151599000000001515e2f15566be977c6cb5fd2e033bbd1f16f36983e9a6c2
000000000000fd0000000000004900000000ffff1e00000000ffff73d51f776e4360406530c29f7a06ae831166d7268b60
abb5dcc2a52015b19c914e879c1981e0c9abaddc0cec82ea1799bdb8c6bc4a9fa24f6696ca26d2cd99750ebff8829f5c4d
ea8c6dcb1c9f94e0c3a8f880d4b7bd86452beecee8fc93a6aadf7755a40af3137347710de3877121564588274d4b331cae
2ac5fb7b2d63cf9808737df44200bfe7e1fe790aeda9fde0ea8a39915a5a0a88032917a333123e493fdda8e3d48dc87d26
16cd5b8e38001dc69a67700d046536af7503e4babbf43df4d5d50884a00232ad94866a0b27248ea5c950c391430bd5ef80
0000000000000000000000000000000000000001010000000000010170a36dd9e03105aa41d439cec50be3cf766eef47ed
00000000000000000000000000000000000000141400000000001414baa5a8f1dc4050b534033413a6d89427ad8b10f415
00000000000000000000000000000000000000151500000000001515e6586aaa9c63d579f5d755f5cad16e41a839588435
00000000000000000000000000000000000000ffff0000000000ffffe0f1702e79320b4409ea4215b35fa7d9fdab8dd0fe
d1eb9b3e9ff35a80efe907fcf822e04476734efcde24768639233bff3b1390c6545239d0af1db288d3157f574c88e356f6
86afb8bb342c20a61a1f11467c732b3f717aacdec712a8c1c3fa61370c423d394815ecc11a36c3b1e82e4cc4bf274205e5
d005e8ee7e40104f34186fa0e452efdb8ea3e4fa22768ba1663a1095b3712bf84552fa05397a6fe96d7e5a24c4191d9f32
58f700f4c2e6f54ee860750d046ec996e5aca4dc6000d13f36e1f742a20b6d873a84ee38ea79301f87775825e1ea37c6b1
00000000000000000000000000000000000000000000000000000000768b33c9c948b3abfd1c177d59e41670ee14fddd8e
0000000000000000000000000000000000000000000000000000000095ed16e0f7ca07b6659f70082f408c4674e90c297a
000000000000000000000000000000000000000000000000000000001e0a7407a21dfdae54dd2395d24bcfea5f50d4a340
000000000000000000000000000000000000000000000000000000003d93f48f978edf9ffbeb471685c1435e3332f44f65
4af9804bab9c2ae29e97db4f310465f168b6d767b59b545a5c526e42318f81e5bd80d97c287b2e083696080a4f572b61cc
039e0ecb48238f7ff5d336007b4b5ab70c90760915aedf793cbce6144857340b5269fc25a821322f6df5b96fd001741154
3751b43e399c098ec2b9ff7891c97bd49d5d2e2e6be8cc022bc6491c604a3d63fd61928eb8d1bb04d10c93878c9202fa3a
9bfcc32762a91621461032345d11377f299bd53be621bd073bf950d5c0f6ffe07b8c3349a68aabccd2590a48239c5e3625
8a0ad2000000004aa3c800000000d2564300000000ed8b0100000000b7e37edca805c13c8346fbe5f2b57604cf94e9d174
08a0b900000000e16d8300000000f5e7cf0000000019bd7700000000f23fdf2d48a471366cf13a784c78d2c51b8ad65be5
804646000000004c054d0000000098014c00000000301f1e00000000dbb89d68e29daad74f3d2ac3b51c61ebd3067a21f6
bc2b34000000001df569000000003019e500000000429e2a00000000535dd1ec47575a19887f0493424d93f775bea43f2c
e390d2713e2433ee07be644540cfc917127bbb2ba91a1a27f7ddd125cf3994ec0c6055a2f30f124496567ec631eda17fd5
18748d679559f4a25594a84296c6299cbb808dec90211da1d3bb5d80116bf44b2a30ad41ede93a43ad69ebf278ecb4b7e9
0b722cd341500ac7e49193e08b5c610fd282ca67b4f2e03561f6b30e702b6f7f27217282316ffc330b326917fae4e7dcd3
7720011f83bea939ea91514ee85885ef04c44ed48cbf262b8afa4bf5ac3c7e0c6215e6e2f0fdfe8ccfd61e9ba19fc0f4c6
0000000091a85700000000431a9b00000000aa11ef0000010195b7490000010186da3087520c4fd1462a26748e0ad0f337
0000000077ac25000000004764d100000000140d260000141477ad8400001414b8fe3f5b9be4931500f0364f403e65af94
0000000089091800000000ee7c10000000002e3f93000015158e817d00001515b0bf07a37e0059df8742a6927fd2392163
00000000e8c3610000000088f11e000000006e1cfc0000ffff3d5d340000ffff6b5ba732b84359fb57ec1247c0da6406c8
4ea8eba58ea6848aa538ad6030e6173bb5b3b8028fed0c8ec723d41d48bd8e2d36ff268259a8c48d71ca23e8aa6b6155b0
fb154e6612e7b79641ca5d01265343a033c4b565be79af2e228c8de8320c438545a9c0f732117e3af428ad735cf5b04ef7
66bd118461b35550fb4c93e2c997233a430e6863d4083021ad97fbabe674fe5e9de35d7d4baed784bcd6a1ca70da186f2d
c9342941f66dc457999b0402aa463d3782a21f239acda62a4155ccdd063f36a1a53c3050e65c757eb745c680805d4c8ecd
000000009c290b00000000966f0800000000a38183000000001e465400000101abe74b0000010100220527691d309b1e0e
000000004dfbcc00000000fb65ad00000000f74386000000000ffe8200001414c1563100001414cf02ed04e44770ea9f3a
000000009dfbd8000000002e2c9700000000047cee000000009b202100001515c79094000015153b61769007a4e00fe9b3
000000008c84ee000000006c34220000000069e8bb000000004ed24c0000ffff4e5aeb0000ffff6a6e247f593cfabf49f7
b8a9f522d3d8a82b8dcd8de8a557400442e314c11b369565097cacf14bd1c0942fae9371657669902a6f3c5d58529edbd4
3b84995d354a187a2ce7299c6dfe87313e954abb2f3f139dd12c877f49b69460a067d3a8886c24aaa60c0e9e9a9a0ea166
691fcb50532d49ec5bdd62870a9282fd657db9356f7b0f3f764d55c45d1b8ba53fbf3bc9c734aadc40a58bbe28fd99557c
331bc6e7e72a6645df7ebafff814a893063a9c2d9120807cd13f1fc40d17f56475f93b0e770b275044b2d5584e2e530705
00000000d55fc00000000001132b00000000ad306500000000641c56000000009276dd00000101e9cf7b0000010146f1f4
00000000d1014a000000007004c200000000192993000000005bb8af000000002069730000141437b47e0000141486c92b
000000007a66800000000083d527000000002bc6690000000062cf3c000000009bd61f000015151e390000001515ef57ff
000000009405af00000000fc5d6e000000002a8afc00000000fb0b3f000000001488f40000ffffa2789e0000ffffab38d1
26a5a9e3ebacb2152317b3cd86a1d46d704b163e4e971b3815cff723ea92f818527bfac2099cfca8486f376cb45a81f4e4
7d8271c12878865015c58d7504196184010424d35b30bc46d2e77b4ea858ee7c4e02ebe53ff51d8292fe4220da3f32687c
d2ebb6c233d928cc780ae1ad802db281e2129106a876c707b05c6a42f238113bfb7d1b018b619f22e1692a1ea13505cfdc
b1bf72e58ffe7447c497b7e4bab56be4875b93c7409b6fdaffbf163009eddce6c3b1f7a851a4e5928ebb89e258f42de62a
000000000c707300000000f686a8000000003c740600000000ec4f9500000000a2b4f60000000036fc14000000007357c1
0000000039987b00000000cc54080000000074e8000000000070c0920000000016e5eb00000000cd7c4400000000ee6b63
0000000063625a000000001d9523000000005cf4c500000000b5d98a00000000f535fa00000000f5a4b80000000055fce7
00000000906760000000003a375f00000000623c4800000000c83fd10000000077ed0200000000d4ef2b00000000bcd4b4
d1ef490348216c22bfdde40eff03dd978ef74a714f5f2e67866c071d0a8fa4e9a17728931ff2313a83d0d2229d2d717286
4e468b0472edf874472cc1ccc03bd97de95a29c1cb4e0ad57b31896a1fcf568cb5ad56291877f79d2a17d1ca2239f76004
b4502d1b6d842b92a41198fe81bbdba0dced4341a4a49526dc57ac0d0e0b8ef1ca276ed982065bee80b446f042adc29516
671840f24bf74469bc612f73f95730f1fae6233043236b6b459a84ed2b63c73bdb956d852f13198b7fdca6ee5a392334fc
4716da000000001ec1610000000073f98000000000b17332000000008e4cb4000000004b5aa700000000577f6500000000
6d5b3300000000c4277600000000710d220000000086d883000000004579ab0000000094361b00000000c49f6800000000
92eb340000000041f32b000000002856f60000000099993f00000000e37c3a0000000007683b000000002ec34200000000
944c9c00000000fea872000000005a50e2000000003b0ade00000000f40e490000000072915a00000000e1b31a00000000
2689f7ce22d1dba03475d3d5db4c1b0d6e2aa66a3dd70548f547e8cab7c8951bd62bc6c0bdb6cbb1acbea8da393f74d9d2
a19e58d4b33eb9fccaa1e32daf4beab2d780902b6b5ac98f78b31a4f7b9ff215726ad33adcac7412de853f4037ba074db6
5e19f3145b611b385106baea4ea219e9622942646a0dc77047b5154b21387cbd940af2c269cca4ddb8526c07939e9cf048
d05f2c03048d1ccecfafe20acf5f79c321cb6fe150d72642dd0e9fc85118846e51c802e5e8a7fdbeb702438b7f6dc0814a
5046cd74505535b611e015ab4dcc7790731faeaad000000000000000000000000000000000000000000000000000000000
424aac50441bb107899786231ac8ad9b965e4d3d8800000000000000000000000000000000000000000000000000000000
e366976afc68b840180bcf3019ce7cc9b228622c1000000000000000000000000000000000000000000000000000000000
a586321eb9cc2f126e9c8f5f3d9642cf292a460b5b00000000000000000000000000000000000000000000000000000000
653caea4380e409178e7d44ac8afc5114d3a98a8fa335bb6f26062c1f1a2148f7213a0980c9ba81c8a66d188f9c92193a8
9539dcaa5f9827ae6be30a8c4b08bda54783197e7c6ab5bab456cc367c634d5255ba93a76bc509f421de7a24d90a882b10
cfa916343767d28b9c50c2716717540a8023ac4b9b5ad065758ed9b02993a7aa2977d73b3d3172e94e64f83603c2810250
79f6103bf3a661aff124e23b72281e784c094b8fad0cbc0e1f25e42fecc1b4fb55fedc57c23266bfca303d2dfd60c91e21
edcec52d6de3bf84884967dd9d05b70ee301411e9c000000008ef1f4000000006684bf0000000075b6b90000000023c322
fe5086d1a9e9566b298fd7420ad9e3a34f71433be000000000fd96be00000000c2f8d7000000007168b30000000049f4a4
e6e074d18ba91a63c4641e05d7abfed278550a86d000000000812ab600000000e3d9bc000000005b280f00000000196453
48ef6d99fbf052f43d70308c2872b6724ade8765a100000000b6a89100000000bb95ab0000000051958800000000eaf6c8
a6dd632415c594a2aacea17151be91c54577a47ad8a2c97289a7947a1f60798b2774a9b5b31dd7407e4f0d60fb3796b28b
f7171e534f9c209f8931deb54b963ec527f706adf7c840e44d913366a428a7efeb4b29c9a00920c5ea45fa7e2441bd205e
b403f22737546b7508521884b44edb2aafa269c8df2b6e0cf59ba8ee08f0b010dc8e0e277942b97741e1b74002b6fd92ec
48ace1e0a5ec63f70d388a44e87b69131d04bd1552bd9a69d61139305d6656ea177409ddec0d4f9f0b329601dec54a7303
b6ee316d09f48a0a4960e1af6e81df8f9052e4ac8047a50500000000ad82560000000009d5fa000000004ae86600000000
2d8fee3444760cb20efd52707d7ecab3418b327eaeb74288000000009d97ea00000000446f4c00000000b0899200000000
4af443bde2712c76fb9f65bf46a9f70ead01a06aad52987d00000000a1bb6300000000ee4bb000000000800dad00000000
c7a0e72067563487e74f3cd38a88c5e515850dcb4b663fa30000000072e2b6000000004a0aef0000000016306d00000000
d9a91ef06dce2dc59191ea857264021af61564d8897bd0d5b3332146a9546476fde0492eda7940318b49708a2b6b70802b
9a2df15ffa8690862765c5949a1875438927f7ba9e0df6dd7e8ab39d9d1c51f4a52f68aefab537b6b14a6e9767aa71061c
9f6fdb6dd25208f97893ea078cb6385e6747994a26662f57c2f2f56e3f85125366b7649a91016a878bb8226c352252883f
584c5f126004c9787de86d1e333eb4908d1a22e1c0808318fd63e695baf234e126b8cb1ef2a48c96632f04b7b1528a99a7
000000000000f10000000000009c000000000000a5000000000000ba000000000000cb000000000101da00000000010116
00000000000094000000000000760000000000005a000000000000e4000000000000480000000014142600000000141433
00000000000021000000000000ea000000000000990000000000008d0000000000008a0000000015156600000000151550
000000000000a8000000000000370000000000008e0000000000006d0000000000005400000000ffff6300000000ffff73
f5243e2457f9c59869fa96559ce8f9685ba2750ed7e833a4521e391f26bb3e05487e3e740928613cc83ca7b4b04a8a8b84
88c098134b8c0e58063f21a23c2c925f26efcdc54cba9d595438074f5459cb1d90de8cb9d7417d62ba45b7ea7d5bfc173b
1a30083254a3a528fdad5cb4e78bf2f8e9a06cb0072490be82e9afb8c49eff285659fb03edadcc244effd2cfde42b01e33
6547051d97ff90904748991b2c353d928c114d995c2d812b2eb3323c91aef8df34b0964fb79c0960e8018ba69fa82a6cd2
000000000000000000000000000000000000000000000000000000000000000000010100000000000101c2ead4e0f87e78
0000000000000000000000000000000000000000000000000000000000000000001414000000000014143685e4cb36ec2d
000000000000000000000000000000000000000000000000000000000000000000151500000000001515bb8e5def81c8d7
000000000000000000000000000000000000000000000000000000000000000000ffff0000000000ffff39ed94c7519297
5908c5c2379ee94bfba8ae00caeff814080644884ea74b13da518fec9f90f7253ec10ef468d302a873e21d5fb3c834561b
924d56c404b210801641b96521c9c5556a3720921d216ecd64df933306a24e79462573065fadf2cd865b6e04cdbf4f272d
fe6fd978bf6e0859943f422cc58ea451505b30fd88fe25b0f8c9b06facbbf171adad4bc97362b74566a1d764833affb607
41be095b2261bad96f8acfe4646d822ebbf9ed4f9fce599a445c5e176d01821e635b100615f131fe4505ade8458028892f
0300000000000031000000000000bd0000000000005b000000000000b3000000000000c20000000000007d000000000000
6700000000000097000000000000700000000000005500000000000028000000000000cf00000000000085000000000000
360000000000002700000000000028000000000000700000000000004b00000000000055000000000000f2000000000000
a80000000000003100000000000059000000000000b1000000000000020000000000009900000000000033000000000000
6f6fc944ff76699ae333f1c9df716ebe9e4c8ab9847a8718a3ba028fbdb3ea42be029a31e59ce0ba4339260219215f6cb0
10346489ec502f8c6c4fd9732f7310212d65ed3d6695e7d30be7c9133bc01a00ebed1fd6141c722dcb76330018f39a7c4e
0bd324773c1baafbc9693ecfc52506684e96db6f320c9a70cc9b0ed175c50f8634f37f54148e4aa1201020edd4c6f8beb7
020cb52d8076ce4d80cdc819cb57228cc50c5d5de40eaeb736f91e53fc7ba0f77cd37249c311befc8cb37c6d187856b87c
1ff01652a009ff000000000000000000000000000000000000000000000000000000000000000000000000000000000000
a52d1351e326b9000000000000000000000000000000000000000000000000000000000000000000000000000000000000
00b3d173177f75000000000000000000000000000000000000000000000000000000000000000000000000000000000000
2d1f8671bd90ab000000000000000000000000000000000000000000000000000000000000000000000000000000000000
548cf7edd7e00c904aabedc9f885bb075a91861919ae76dae269037b4f2c04652aa3b564bcd3ebb48d7c7cce2074d4e0f6
5cd004829faf04239134173774424773c5d4fdd3250f1a087b1218cfbdea9509754630e6ba50c7d7df37fd8d043d6eda9d
b10b3528e8efc893bcebf516f69bdbd8193b2ea6680ceabc4e73f159cbdda1e99461a62764ed6246fba9930e3e504f6b27
9d64e4e79ecaf726cfd3819c873358540083331145ebbe101f75adc614e8a5afc6c5369f630c3614af8f8ca100f86592fa
0000000018dc2f00000000cbb55f0000010171edf700000101cec01b05f20d565c2ae2d1c33a5efcc27a1083d2559f4436
0000000010a9890000000002f08c0000141489dfb30000141414b97ac26df454280bf5a9e500bceda17f6041c622aea4e8
00000000c2b6cb00000000ecc1b300001515fa8acb00001515ead955e5f46a09947521e1aa27e32b51779dac33bf3343f6
0000000017ee0000000000fe38cb0000ffff9aaf000000ffff713eb0d6191ea0773f2cc4728f4dd6f70591ec875c067228
2f42b943d67688b6cf824330f04a6de337961b3a5c798a42be77254268fa1af8efd5436358e13120b6222ab8d9d44403a6
3b7ba5d0e320e86815d4a106b748831b731cd97ee83cc022c6bcaab2695cb65a0d8ac458120018dceff21622003ac4f655
df3c5c197c9777c39039abfea2c3274821881d773bccb72c12e573795317dd96f209ed44f7c38be57c811524ea2ebfd4e2
1bf7d36a2da1780f0988a9cc82f985b4471c7d1f5a5e5d38b0ded9c0317b7b1fbaf1b0a2e7d75214ea55fb26559b9461c8
00000000000fc600000000009e520000000101550700000001011476927366bb5181ab25e35b3bade66c695d4d091cb53e
0000000000a22f0000000000f37d00000014143b6d0000001414ae63c8e5bd9cc3bbe78c87180f268cb17fd2e348e030ce
000000000060f20000000000d71d0000001515250000000015154a5a1f370b3143642f3430005882c912292fc4bcd4c75e
000000000064370000000000045e000000ffff1f75000000ffff51ac7cbb8e5f2be1cc9e0dc36f914e84d0b1f893d3f748
5ed2898f5afabc1694caeb3f6643c0760ac7a9ebb2a9fbe90520129bd3a15deac1a523d977fd5a606e5b25c0e837472e25
a51545c4408d9cce4cf089f7f94a2aa4018c7b2e0bf7a553fc076c25f491efe0a736c8ee20a66c94f6cddcaac8411c5289
560cb0f77d53b987f383f7e07a914b2924835ab1334f257667fe7af31a81825a2c1f42e4ed3b8af0ea16d5e0f9b074be97
b6b1fd81043ab8025927ac0b5cdeabfa09b76773300996dbf4430f99224bce1abe2c047c1433cc590fd2de54989a7cfefa
0000000000008a0000000000002100000000010162000000000101abaee3856f4a392c0c869c649a74b4330312b0382874
000000000000420000000000000a000000001414c8000000001414161131754cee3271b6500fbd376b652a8cbfa0be1afe
000000000000a4000000000000dd000000001515e90000000015153f7fdb083acacfe9126faafb96ef0ef799c465a0d288
000000000000930000000000000400000000ffff7500000000ffff7b24d86a7663328c7e35008f02b0a547cd5031a43795
a8302b85cf28693f4bc5f7f9c83a714d90b30bacc3fdc59422fd69c67ddec34eb088e40d2b6dff869ed3a98c3c67068534
6bada9ad4c2a5688d5af38d395b1078e703f342785a692107d86db0fef293dd7f7318adc408ab1caae29f02ed756046af3
7fcfa7662413627dfb3d2c377d154c8361e061b266e89aa2089456254ae5fddc8395d3949636cc0cb00472590d8fd04856
5f0188aa70e02fca26dd5cb387feb5097128d2a9bf299136c17ae04ce3a5f218b83eaa1bcaae088028ec68336926545e80
000000000000000000000000000000000000000101000000000001014474cc792a58ac1dd473d43a58933e56ed02ea29fe
00000000000000000000000000000000000000141400000000001414823b72a997ff09d3d307b4ee79a12954764ca9d0e8
000000000000000000000000000000000000001515000000000015156cf43d622fe785d44bbfe3d4ed082afeaab08f0271
00000000000000000000000000000000000000ffff0000000000ffff97e66e35e440fc0963a3d49557266f28e360ae6937
24190a4108c2676e1b159bc48767a4f9a1e17f7770b00f5ebd5e7daa12f84db9c4c7db4c1e48539382fc63882f9e299779
e19f87ffe28653217fba77bdedffa4e40863b263df2db33aaccabb8ea6927580ab70e10a2ceeaafbafe65f4c0346e653cc
42ecdcdfb11c3d6508c4953a9cdfc9e634ecf82eaf713b2a5762d4f26591ea8ab5985798f1985e30a9bcf61682d7077f64
9566c08045ddd53d53712ff685701c5852aaf8f1ea51cd59833eacaf84b9087554bb7398b038c279f3923b5839a508a877
00000000000000000000000000000000000000000000000000000000dfc00cc2b830b5f13a8920a8fb764a0280e11818ae
000000000000000000000000000000000000000000000000000000001468f92a67ba35488d491f565d4f1c15f4187b0c68
000000000000000000000000000000000000000000000000000000000c02702f469e2331e10e59daaefbda686bcd23231d
00000000000000000000000000000000000000000000000000000000d18470faf5af00953a1cd2ddd7f2570d4ef9261540
1b9d183dd385c7c74b307feb69945dde36dcffe7102fb6a25b8865c9450bd8e9ddf573442b4aef82ef1d472839267be4e4
d4b25146fbb9023dac30446189e4d7e9151aa1cbefc2d684bbcb2aafc9dc174d8c86bb2c0400d2833af6bcd94dd9bcdb27
36322c57045ecf4c4ca113d5845938e4c9f8441d35b5f6fed5120749d0b34e0071d7678bb8d72322b7a87b0cd0bd3ba1cd
83cc8ea777f3e640152d39c49a93324777c4a184ccf16c918a4b30d61d06834865e614f1776865534e8c14b1e8e76a7d81
cfa59e00000000f79833000000007ed9c000000000e7a14a00000000094e8d5e510e1e29b21149def1e6e55e3a1f086c05
f35b2e00000000776acc00000000565cb40000000041fef500000000c508a583f2183be03175f9d57a56c1f91603a8d2e5
c2e74f000000004bd4130000000049d6e500000000ffc507000000004eefd546bcbaf3c68e787e78d33ed9c63888c003b0
56ce070000000068f3ad000000001a020a00000000e9ff8c000000005fa8c471cd9021d5c66ee261d4ea891013dc2247cb
b77d90fa466bdd2c483c14d9e144889388fba7f23374e242feddcb78c66dcc0bcdfaca62c6ed94dcb8194deeba86d4e613
9d9e70ddc2144bf3061a8c82148d7884f345f2673aa7802e010f670467eb3476bd5b884d3d9b78b43438d2fae0e3fcab94
e1bfd0b9999f1c6030c296e692d7998e5be7f2f21f754b8467dc2881a047f26a252e42bdf027233ee0b09d61ef63de7611
57a83cbea614cfa2d207da6fbe315327e83863d0a1df1facff52c6948d95a46422158c0529fa9ebe968a6da0ec21b7adb2
00000000985a8400000000c6c9d7000000003b467400000101ad93f600000101533940579f662ae342ad06e9ad3d130190
00000000b9c6cb00000000df0ed30000000078982e0000141419236200001414de8c5cef1cb08d18d458f072582fcf5a42
0000000012a2af00000000afef0c000000007ce26e00001515c259a300001515a011fa64e9756254883f81e02340419645
00000000d9efdb0000000084edc3000000003e3b1a0000ffff8136dc0000ffff23e2ada18bfb51a2423162a98c0bc774d2
553b33c575b538ac93d47e68afe063415b3683420cba135434b6dc8798b5e24285c4ebd504ac42e4ee3c4f053ba2eb3e92
06ed1613e60efecac4c01bdf916c6b88bbcc1bfaf309d360e6efb3ba116fe3a40c5bf9b1e30ae359f70d82109e7f5a81ad
1c1be0174d58ad024f52d4e4a22e395f0e04af16ee7a358bb13c40b40a307c539add47d3559f3e049a3c5efd491f6b2583
fe9fb1d328c7a4cb46becf1ae7e5d9ec0d9cc3718742ecf6eaaff8ada906bf103d566a87c05d796aa453e796af3950334a
000000004ca99c000000007efe7d0000000094221700000000a9f7f300000101bff076000001012df4cb3104b345fe2062
000000008e16b8000000008e25f300000000bfd3fd0000000040348c00001414f4356e000014141d3362f79dc0d0f6e438
000000007e7acd00000000813429000000000d159100000000a047c60000151512821d00001515a26f1ab4cee415a4d802
00000000b5b4c2000000006cefe7000000002e960d00000000d92b690000ffff1f2ba80000ffff364fdfdef59aaeebdc12
66520bd7f40b4ecfd173a6d9be4450fc4a638d83b281703c7d97c903bd7422df7d1ab25ff9391b6efa3af29a0057578bc4
382042074a19da9f6988afef6609b25952c68f2fa29dbedebe3a1836b0791c649293eaee5ca7c20a0fe9071344a233cfd9
6af577c4237068f8e729e7319261cea7fe732f81395c3d5fd9e752cbc043addf620f0a471a1b22f218fd91129a02e5d1de
fbbb6674aa693168356923a7d9e6229cdec475296805a663058d3b6b443945c9e13a5424515602f3a47845b0fd3776a476
000000001c21bb00000000379d320000000059c25100000000f390f400000000acb1b80000010180962c00000101f16964
00000000c4973c00000000b7162000000000244ad9000000007c904a00000000f6866a00001414bef11d00001414a36b8d
00000000b0349d00000000e8ab80000000009ac12800000000946a40000000001baf9a000015154037e700001515e3f259
00000000e9c91800000000ac775e00000000441cd8000000003ede1700000000ebfc9a0000ffff854c590000ffff10441a
c6c05807d33321ed289179a971ef3ebda3fd9dfcd6765cb1089cb1925727ea1a56bf39370d873f24c99ec16e5a79ced291
7310cfc3ccb89f3bd657d06ef53dc3fbe4f9f0cf673849ed7b8fe5e59d88d3af0b9bdd6fb6d596a00a33e861dd0f7b806a
ba5019948451bfaba8565276bcccd123764afcdc0a0e18239e0501b253ecc8d57e39cd5fb39e7437ddebd9416c07f4396d
f2f223d2d768319d0327f0579b39f368c711623d4d61ab79be9b58ab347b742ae45df160acaac5c6ec4295c88a036ce7ee
000000007b057200000000ad51af000000007fdcda000000009326070000000067d1330000000059b00b000000009c5b87
0000000008483400000000d2f0e800000000fac93e00000000da5ee1000000003b27670000000079041a000000000dcfa1
00000000b9c57d0000000085f89c00000000afcb5100000000a272de00000000206e1d0000000075b64c00000000041fee
00000000f79b3600000000a06b8800000000993f82000000005302d200000000922dd20000000002d7b200000000f98e7e
8724067795c9787eeaee9700c9b51c6a9b90b1c729416a8dfa1c181a688cdc43f6eace6b48172acef820f15e955c12229b
704bdc0b83d6e55531b03e90677deb4c00feff47062f7860169cf39fca16b3688e7d595f024c8cfbc88beecf7d98962a5f
431011477c9acd0c00ed7cc2a3973cbc95a66843638b8013eb9ca91b70eeada438d2a9c99ecdea529bcc6923b7a77920d3
1d685e4fa598b9c55b0664114f86341df9da0e1690eb9d66b964aed2363f6ee2031a6ae616899ffd4c9f83d49a67025b99
0286f10000000075c16100000000d7e04300000000cb8067000000007b789b00000000e54d4500000000d8607b00000000
78e58400000000567edf00000000b8335e0000000048a79700000000383ee0000000009f08a4000000001a71f900000000
fb367b0000000061586b00000000cfe06a000000006672b9000000001e535800000000f3cac600000000fafd0200000000
c59f5c0000000018678d00000000a3f21500000000ba38610000000003f565000000004494c00000000028b92800000000
9c745081ff0ea80175cf315ee98e916dcf102b5c53defe9e5e5081ebb904dd7ecf3c129eaeee3181a0f8da1e7439a4ce04
d939890d4fef4c071977bfaee41beb1008ee507f3db76afba7091f335c5a3cf169fa66997d5157b654402fc0979ef4810e
fb9684fb73e69df51ebe5890ace235bb9a594c5a80b200040c470200df2b482fd92071faf09f17ea5d82462282df43b720
b8c6af7c03980b55785efdc7f34d882958f4b820ee3782f4f95f5c6909214afaa1e17e2f63cf3de51a2985065294cfc083
dac0bb0fc96599f91dffbe0dafb1a20f2ff5bea9be00000000000000000000000000000000000000000000000000000000
8f712a70931f4c92a238abd04a13027c05b96cbdf000000000000000000000000000000000000000000000000000000000
438dcf6d7808e217b6f60dfdf283a051013f90dfac00000000000000000000000000000000000000000000000000000000
eaef66573732350810f018b282e97624cb0133146f00000000000000000000000000000000000000000000000000000000
6e77d8332da03d41ff664b8c2079464a635d6a4764d9e61a25259f4cd158dd3f058be5cf79ed10cd8308f44fd12ea8aa77
782a1bda085f122f039cb29a34d80ac8f3878c4f127df78f42189f76f16ada1c9317158ddc6e00c08e73d780be4e1150f3
4d11f419d8b08706ab40dedfbb125a3f97b183bc5fad1a48b5c86f7d8ed68266e34f9b1a0370b9a4231d2bdba51accabdf
41589d6d1686675e20ebf15da4b842b1d3299c8afc2b34d7f43f48aa6ab67075b59facbc54dac7d33f748b8a7dd01662a8
6f7d9955a79ffe632ea8657be2f0ee6d7c2cff0d9a00000000f267be0000000012a5c300000000270a0800000000082909
0729330c99f0a97e227c1ed652f82454c6ff613917000000000a0ebe0000000028fe0f000000004b3f500000000000a0ae
9268a786989f991fd5362a1ca0241c51635d75c2c3000000007a86690000000027e31900000000831b8a00000000f7e637
78ef903d686bf4fadd2a8e7ad8c114c8c4a3cebdf9000000007c1b2700000000135ebf00000000a0ac850000000049503d
271ec0414d963607247d3389fc7c3aac23c78cc19039f21f9228d74ad087a3b7e5736817440c86dbaa4a5cbf9316a2b8da
6a4f58b21d00fa6ed14b78493c79e6a86aa1ba1cdecc1e89788827d8a5534fb209ac9bd3515e1cd1fff0e8c99db70f20a6
fc691e0fd7acad390e3d70bc20bc82e5d04aff2dd32c1eeb1c6153e4a68cb8ec455a3facdb8b1426aa2434176cbc0399ec
64ca358273a2a445222b4bd30cbb4c2fc1d3b634ca92e856c2aaa690976e610fd497980a9e1ea7589a248049a4d59f958c
caa67c6614b0aca5bcca269e7a8d6b98abe3412c1f6d0c010000000052f7f10000000098498200000000d809b100000000
393eaf6ad65f48972754076b17b65a39d2001f81fd61cda500000000f588b100000000467b850000000004246900000000
e49219bf8bfacb4c94666cde53a91bf83dea1de6cc70958700000000d4a9c4000000001eb7f70000000019a65e00000000
e5072f227f8699391066bb84477e894b93b2b86b106794a9000000008b641d0000000061ceb800000000038e7900000000
44e75cc3086e4f572403f8060f2267a35a914340dd0f869bb3b6a628c4feb31751969fd80d3948a1f9399bd10b7e254a7f
3df0ee1fd746d502c2284624d2b1c84fb30cda1746e3b1bc4dc1be9f74f4e155ec36cb3efcf87030462e070af34098b9e7
f0047e58ea09319114202ad4c7c113c915d703a59409a9312027a8a5bb4bbe9f4b9ddf5f795edf4ef30be24a7eb4dd6429
8384e621afd8496784f49eac2988f8ccba04dbc12eaa9f35c6fbe2205d92261c6235f991f24b749f49753eb1bfd5471694
000000000000800000000000002a000000000000f3000000000000c5000000000000a1000000000101110000000001010b
000000000000be0000000000001c000000000000e1000000000000de0000000000001d0000000014144700000000141459
00000000000041000000000000aa000000000000fb000000000000e100000000000095000000001515c700000000151553
000000000000e600000000000029000000000000130000000000007e0000000000001c00000000ffff7000000000ffff1d
6e47ef417d48aaf66302529bb386421c108967bb4f0c06a5d8986930554ced632b01a32bc098c04f57fb6544b663d0d80c
59cc57702a5f6e1e5876264495b29b0556a91abe25e47b82c81c37df3eb2806d73e6141ef11e158a5261a2f322a2108c86
f5266cbbe4b7243e5584c045448f2ebe79bbbca897b4ac2f842042dc0b78f08a757ac73a210f7bff1684035f6d00d9cb59
9025c375d1ed507052604cce010da8a4fe40fc598db54f0f5aee296878e2b3e6dbf7352c0bd47c89c513fc40b8aee36d3e
00000000000000000000000000000000000000000000000000000000000000000001010000000000010134fedea63e2c8f
000000000000000000000000000000000000000000000000000000000000000000141400000000001414d1741a6e8141c7
0000000000000000000000000000000000000000000000000000000000000000001515000000000015156af7e8baff8c1b
000000000000000000000000000000000000000000000000000000000000000000ffff0000000000ffff427b2f55fe0f0a
b61101f64b0a60f8910bdda25ca8fd99857fdbbcfa231ace51c9bbf9f46db4c8a62896fe295ae4ec774185930e72eef6dc
51d59318178342c2d21d5dace75e50b0bf66043ecf214eb110625919fad4e6e5ffd1bf48cc49ecc8284552fd39c693796c
df719603883f7f966f28fd517455611cdb0e6c45d81066585cbff0f3f2169b806960e6a0510116bc93420fb23ff71df0d1
e8717bd4860ccc8a374c87d6b703511ec6d9d6c222cf3af9c7b5bcb0049b106144702111bc1d36a5b88835732cdc445fd8
2400000000000018000000000000df0000000000009b00000000000072000000000000f400000000000092000000000000
49000000000000de0000000000006e0000000000002b0000000000003400000000000081000000000000a7000000000000
490000000000005200000000000005000000000000ac000000000000030000000000000f00000000000064000000000000
bf000000000000120000000000008d00000000000065000000000000570000000000008b000000000000a0000000000000
88cee353cefda3bc4c4a94878888b83e7eac001a7aeb395695af5caccbbdd9a5b3d2ddca382ad4d1446eb3588ed8b724fb
e9e679f727fadd366d6438b8e377a1cc444d7e16925114542a180cf03416afbc136f510cc20d1a79154915061359c1af32
6865019239c5c0a5031410b6cb00b55c744bf997aa130d46e2de7c5097c9a9532608713b0a9f6c363894320b431b8d8134
ec1b74e9786b64b463f646a1fd8e37476b9028bf723ea5c2ae10026cc36ed17dfdd41982fdc648697251f27be5abbeabe5
a02c763554a402000000000000000000000000000000000000000000000000000000000000000000000000000000000000
8487478c219fe2000000000000000000000000000000000000000000000000000000000000000000000000000000000000
a639166ca9fe87000000000000000000000000000000000000000000000000000000000000000000000000000000000000
2926af8a983f6b000000000000000000000000000000000000000000000000000000000000000000000000000000000000
2b02f2503941762bc9c7922509ac9e7b5d4cf83d5af9b777ffbda84d90b4f6014e21ff298e0d8339364983a3f1b727cde5
f90fbe75cb9229a5b738bdf781e75a4f3929786b10e7efaf4ce67cd19cb34eddf5b15067f3ce3df78dbf2f3841a0b744f6
7d4bff9f6436e7986b8a1b948282f08927422faa33867a51e29be735e4f8fc40aa18394d3e00551e72f09b9f93592a7dce
f021ca177c5f57460454452a61cf8c1653fb2adb12d62345daa9d32153935fb090cd6c78b58089f2755b7858418ee4e15f
00000000009a6b000000000a44be00000101c4a74b00000101c548ec158241e0f6163ed80a64c6eb343c5473388c4c2860
00000000b4036800000000a58eeb0000141445b39300001414e60c662fa892fb98cc03d916fcd4d952940bd8a0871eab8a
00000000f7dc0a00000000e5ca8500001515cf8f90000015153e72b0ea8c938eef2573ca75b1b59c5058f544dbd271ed3c
000000007e3368000000006ebd900000ffff6bce7c0000fffff4abb5230792e5856b6009eb893982edce505d0abdcc1825
0f53875b5b7b613557123fbf0cb4672bd63d4a7a7cb2374b39869542c198e1cf0e31c270102394d92df15771c1d9cedea6
b0bd92c0f7503bff553e35fb6e2efd30ed078856597c8409297beed98ef3cc0567c80b257828583d30c325dc9f380fd14f
ce6dc469f02f03340b331f30dbe61703567304366a1429d48fb0c0636cc8322dfe9a31ed906eeb213e15546d50ea9d8d99
7a550cc73182b508c1ca8550d97227e3f6e40c8c909223757049547e27d186f87cb6b43f2886545c677c6782c68978afd7
0000000000c00e000000000044bf0000000101d17f0000000101b2460de2b57f17df5b339ec810088a0b63eb0e7315b2f5
0000000000f6030000000000b0bf00000014149ac20000001414e9215c773c0d836bb9c0afdbb8b892b65f774b00325cfd
0000000000b3dc000000000015250000001515c5c60000001515618dbaf62acec3b196056be2f0b04b7b39c4309d81fbe4
00000000002bc700000000007651000000ffffe97f000000ffff9377a128240e1aaf88d43462661d4f059dffc66b457fbb
1a81888aef039793bde7a2460f08ad102761fb6fbc08a53579e3f1955c6c0846cf736bc9179edb6a1c4af3991da55cd41d
2c451b0136499ee7a5571895f28a70176af094074892e8872bc02822b5177051a05c5c6b7f974396010b1df99c0e9d7152
d6c2608c24843f9cfc8152391ba0993a903dec969b4750e5d63a5e0eb24dfa19ec0c1625dd2b196e7b4bd8d0c73e64cbd5
ba5f17e7f094fe81d018f57a1845a37bfbce35e56a71702b5f17878379763b1c1c218ed690b0032923828fa7351648869b
000000000000cd000000000000340000000001017e000000000101ac04be084c891744eb7d55d4ab90df8356e41094428b
00000000000024000000000000120000000014145c000000001414d9d0c1ba6a8f3797b63990d6f4d778e81fd5e9754cf0
00000000000089000000000000d9000000001515620000000015156449ba6df9f6feb016e497ae12e751751bf1477f256a
000000000000210000000000007100000000ffff6800000000fffffbfbe9d2aa63177790cab2d34f4a7994adc155199c82
fd4e67131bd7357f5c0474f1ba80cbf086391a20201a3e77d067423daa8fc247a253430cf9901afac5cc39a91e30b9a432
1fabd111c65a154b31802d7289b205ca21e66f720011fe8d2830d3784112113a7d30df9f3a562262d2592cc05239ac2aaf
f0681dd48301ac698eb505b4b95d6f897029027236f7fdc6294c29965705063acaffb14cbdf20833b2702478e23981694e
defef69399009573a130e3eac9859fa3de0b19dd392f3b80e004153d20b51c4f01984a534ddb4dbbc52c6ea025bdb2dc3a
00000000000000000000000000000000000000010100000000000101a19838e5f5a9421a08764c66525f28d038973ef87c
000000000000000000000000000000000000001414000000000014149a17f40101cc701e721fc4bef01d536905262aec95
00000000000000000000000000000000000000151500000000001515b2fe3f1af1a186d55c95a3c8c38aefffbd26789c1d
00000000000000000000000000000000000000ffff0000000000ffff01fd100df31aea516156a7758dc4b361289ff417d5
42c91c472d0f948d1397346ad18f29f2c92eb7de141e214b5c3a5a8b98fae22365a366db33874bc7cb1d9bdada27f5d469
54101ff2f84945d09b21d7159c47ad0887ce9829286e2f78cb6048d637be9cf75c0f329a5be5dfc9cb9e79fb388fbf0f83
f3fae5c1b15f78bf1d8d879749f5d70f9c3738fc9806f20dca2f493c824bb27f5dbb9705b8984aa8dd429941654f8c0354
758d89570cfa0f0fd3b20aa70e2931c83d2f9c509003c7ddb20aad5b10cec746c184e964b95d8eb093551f9e29bb1ce1e1
00000000000000000000000000000000000000000000000000000000da9fc9a3b1875e66f32537c815a60d682485184421
00000000000000000000000000000000000000000000000000000000d7b944a0a5f7da633757757ee9142e45911f63717f
00000000000000000000000000000000000000000000000000000000d0747ea49891020fd328cb7df05f8c280075d2918b
000000000000000000000000000000000000000000000000000000001f175e7989d8fdc4da206a077a74cb083a4cb845d5
07ffffbd6dea270964f826a406abd395b557231dfc098026e3f703ffe92e3184996735cb79f6295c4f6c878c0e7581a891
a171efbf75c2da8c9e12f5a60cd2bc73a34911a4879446ff9db31c59faab03ab20125d2668ccb2fdcf76c8a5b795469b18
fa176ac2be9815e1264f48150b8aaaab620aaffe224b42e2882c6d879b5c6b8b5d68a0832cb1d2d48f16cdc295d835b4c3
0dba67f5929c988ab69627ab934e2aaf56a9d29e90556f2548899da60ebc63a58506ec2abba78815d2d7ece42564c54a10
9d593200000000aa846f00000000b81f350000000076d73600000000c99d2a634ea51b23fd110b1eaba815805cb3c05605
ab58220000000096bd1f00000000f93e2c00000000778de9000000007c134c29cadf42ad8865d9bb41ab84b500d32f66ad
1b571e00000000c48e7400000000c5ddbf00000000f5fa5f00000000bfdc548f652365556ebea8448211cd1f8bef2497d6
1b5f3f00000000144bfc0000000032cd2d00000000b06a0900000000758ae6d484ba37d38f35fae8dfa2f42da16f0e5552
38e5b12797c595d0f301cda7843d7cd7b4a5965efb16b102bfb6c931247fe9858e4a58e3e6f827d138361d9d17d21fc4f4
38ed904b212999dd39c2ebe3735c454a0009434a85c85b3ab1c8208bbe04a1a3a395c3b3ce74ab089bfb39247c10d5f383
36e398e0188ce377fe234b6539c5c1379404894a68b933dadc783933e75526d513dfb960fdb95ea972a33a87f62216d71a
ed9e2b4a7737a9e711de7973b6b5cb37f7faf15df586f5371a8dbfae7815840fe896b2e3925441d41338de551cd96c0dd5
0000000069259f000000005ecd7500000000d2349700000101f9ffad00000101dde9dd4ebece5e348b494cef6c7759345d
00000000a05d2d00000000484101000000006d3c2700001414c0a27900001414ea403b8e09761fe1f36aa504631117961a
000000007ce656000000007f52da00000000507e4e000015154894ed0000151579f4b5a172474a114dc64f2f1823305435
00000000d6755700000000497db8000000005d31670000ffffadb77c0000ffff923e628b49520f1ab0861df85ddd1a64a4
4a786c35d3589af5cf35ce15402c546c82e4bd7c03cb03aed9d910dd6459f2569ef3b4ebed99faa391b8c1eb8d53f33665
5dd7405833f9ef8a27e104ebfd8cd36ad52ff78130fbf9ff855ee4e11af3c3bbe115e51dd92b4b25892fcdb78fb6b14b04
7f7ddbb6c9dab2746178bdf46acc94c2f6e41a82d888682932ee3d0010a14d9dba373d9e162369af37279e582ef80abd01
8a56a84a01b973c8be345812cc2d1999e4ab71603f05a2678f1dca68c6b0d4bf3646951c21112db6135cf321f9e5e87e22
0000000008d0d20000000047c2ac0000000086f56200000000788a9f000001019cdfd000000101963b15a8a70f6bbc3af3
0000000046dc5000000000631f0600000000c2a70d000000000e7b2200001414a7a72000001414445b86d656e3e49042f9
0000000088c4c400000000fa582200000000b620080000000097fccb000015151e482f00001515d9afa0869d55a0409d16
000000002f79f1000000006f1ff600000000de134c00000000342a610000ffff228ad90000ffffe03a036bae58db1551f0
f477c9d500de9c362f8d5af4ec68872a441d027b7c71c918e6fdf8e27036c29c12291a19856e96ac4fdca95660ce62d50b
aaee34c3036cd5660154dbd9af57f4d4fb5bcce5a8dc4ba428093f46a4c0594160cbc80cf47a0c8731c1f58d1e08f80aca
0d4ca43018bbda7636b229301d72bf2be85a199cf23639b8aeb66b985aec2a50d102ab6ca2d7974eca2e78716d6bb159d4
052655a39b87af9f1aa3f378a94621bf86054adf4c6d42ef00e66d18c6d0a0fbda763035f0a5d9a2aec337266306da68a5
0000000084ac0700000000e1876c00000000b8f8f2000000002b9893000000000bee1e0000010192d145000001014ffb43
00000000e6452b00000000a9134400000000364dfa0000000050c0eb00000000c6a5510000141481edab00001414edc2f4
0000000070bbe6000000007b623d0000000065726c00000000defea600000000bff60300001515bdc2d400001515203a5a
00000000868fd8000000006df4a800000000e5a41900000000520ac400000000d616200000ffff5abf5d0000ffff3c5139
ebb33c3a99d49a0a3a4a0ff91f4c51b99cf2b082b804e5e08b8fea12d9ff9d05f4900a3256404dd135d6c5164ae200958c
f5e592fb7ed9750c704a5c9d2be4e0128f945c4e7e8d321f15ce959370cccae5ba7ff4797f984e2eb6de2678b6a7c54294
36a93979a962bba2caa2d04542a1dbd96448c4f2c960f6ac25c4d3eb6c84563ffa7b8c3edaff84ac3db5c8f8b8554c534c
7cc73c6147864fa2a75a943363dc30e11f0b91abc9baf61e4ef5baba1486ff7a0c674a2ed9668e095920ca3095afaa7058
0000000061ed6100000000c864320000000013368700000000646ac100000000faf137000000004c5a7e00000000b492f7
00000000a998be00000000389292000000006666f30000000076d4f500000000d9654700000000fa0f84000000001960f3
00000000c6613a000000009520b900000000abae24000000003f836000000000b8d63c00000000f5391500000000317fb2
00000000eeb1fb00000000e6abe400000000450cfa0000000079de500000000025e5d90000000088785300000000362667
3dcfb83bc8659f14e14386d588b876c9050799ad911f891e844fe63b7b794e8c40e57c661893d10b725c577133a3307283
8954f139de0ec6ecc80ef2ebc5d0c0e0d57bc0c9df64a22a800900dbbda8f67b2c2707572aa5889627e0763ed0896216d7
fdef3356114fa51a9c5d4e1b143182ff6f4ee20f9a9f48936330aadc6342320b849ecdfef2ae486be8f42fcd155cfbf133
add415ae9984906b97d96d50cfd2cabbdef7544c8cd6ad37cb9b18c2c14809f13769156e28682df5f0203f51d5f24d44a2
897907000000006b05c00000000028df6600000000ad17c800000000ccbec8000000009bfb3a0000000095864b00000000
75d1c000000000f6bc2b0000000082459c00000000609323000000006aa5600000000096cdf10000000035017500000000
b0f4c000000000154c9f00000000d9e3f900000000301f6f000000001311a10000000092b3e000000000c8a94700000000
a3a04700000000662fa700000000219e3c00000000adde7f0000000087f699000000003d96690000000039a52000000000
0b3f3c49714686dea6831d0e9b692ea1dc00a47c3710b55ad7bb38959f9fa26d57a172c9da8b5255ac7344b1af301e88a7
b0a91099751ca0d1b867406ddbbccd07f287d7c6afb0cfa541717097bbd9020dbbab1aae36d389e9ec6a58968fe5adbb2a
c003ac1c84f630bb5a8a19a94d6af92ee0f5f165f5ef32f840d1e99c629c3c527e505128c90e7c4ff130b013b61f541e6d
a450bfdd947c1cc014cf3441800c137ff0e183d0a6f476d4460684fa25197d6c23243d0e02ae1b2bd510e0789ed97534f9
42eb81b8441b94a857e22e6c85eef01963a7c3f5b300000000000000000000000000000000000000000000000000000000
95d3c4adcae0628a4dcb3468a8d53dd264339fdf1700000000000000000000000000000000000000000000000000000000
bd181e43ace3292e5780b09b2903239c69847f942900000000000000000000000000000000000000000000000000000000
4a9511f0e2f716dcf45b946ef0131d4d817d52402100000000000000000000000000000000000000000000000000000000
625564a8ff0a94207829fbafaac6848a46e6b7a4fcb6c744d07705dc973c70120792765ac3512f9c9962a336af0b8091ad
2cda45b443c49c089f1a570c2b1cdf962e89c1bf7e515678796a9ca95b4a2954a0017b9eb1475ca76da86fd668a560dc89
f4d62c4e231bb5ae1562891421a2be245a479eadf95742e0b3694027fe881348d27069f32a4a9317e00462170ecf49bdc5
954cf7827f9dfa707c50b812319b75802037f57880357c81a1cc758fab196fda2c0b0fc0f780b58ad75a5ad9a5f34b33a6
113ae0636e3d2802f49ca8c62a1f8aa3887f64576c00000000b5394300000000d48e670000000005c0a3000000000f2c51
f2505701d1b146251803360f2d720b6d6d72c5acde000000004b1995000000007867ab0000000027a7550000000085001b
c6c8ebf22e547016778d03d3d7182f3242ab14590c00000000296e9000000000ffebf90000000074e46b0000000008faf3
daf5cb40737c5446e545ad604d01f185b2717cc1a90000000053334f00000000ee5b9a00000000c86a0200000000fbd95c
9290045fbbb864c32b9909954920ecc6f681356b50d952cfef193171f515639332dbb970810d61ea32f6aed5c64da0910c
a98c9e470ae4ae5a1f53577b7052a90935ecbe541628c4e82d8e2882e9946473d1c56df394b954230b6ac524e498e83ae2
2b645f1d8a956bebdc8cc20c51a83d58b902d59b94eabad2f9b3bb6784be5b646ad5198ece05c4b48a3da6516b0d553cb3
52d93c9b849d88e5e6cb974e95f2dee9c6e311bee5e1c50b4930a3cab913742e204a8ac4e6aed9cc44b0fd13c4e00f6038
54d338db24a2a3b716f0d1c4d393cefe609ce3fb75b403c500000000f2dc8400000000b45ba300000000cfc41d00000000
933257f1eec291bae463c05eb521eae86584eaae9cfcb721000000003a6e67000000009cc8a10000000054942900000000
107f16512bada13e70d532cbbc4775d4b73e58e3c62c8935000000001ec67b0000000058f69e0000000033392e00000000
4ff489b7a4082a6a95f191830fb28b5279e109c744f8f1c200000000d7285300000000b02fd10000000069910c00000000
a2ae63e6ac003d6116de5f7296443c57c72c8248b1946301e95ae31c81e2feeeb72c16ce590bb172d6920797f631d7730b
20e1daa6632510ddcabcc62d0de07798cade4f96f30af061b6800f24cf81c340127bac3fab69da5ab6c1da570ce8ab8772
a16f0e2badc5dc3c5144ecdf624cd83e3752865005b3cf46df92f0fcb12d4665908766305ed80793de6bfb42200960f2c6
83dcb7a1dc94b4f8703e8c82ee924a45d663f689da9337f4209a0daed7c6b45ce679e8decc91274aa3d6a9b16f0e754a78
000000000000d40000000000009e000000000000000000000000006300000000000093000000000101e30000000001018b
000000000000ce00000000000039000000000000d3000000000000df00000000000065000000001414ad00000000141428
0000000000005e0000000000001500000000000026000000000000f1000000000000f900000000151552000000001515fb
00000000000048000000000000de0000000000009e000000000000830000000000000700000000ffff9900000000ffff85
f51c409373ff3ecd3263679d580491b7ad858f8673a7f58cb3e98cabdaf2f1022f8e1898967cd4cb7acdba2d02f023a05f
ffbbbec75573540c4334a36df45ecabacd931ac6636d934548852ea67d77b0f0714e338a121a994d779051f91e4ac4daba
b376379418972dc97553e0b29d224aa8f8ccafd90861f87f9f542829aab4e94793488ce7e1b1e8f8c062218dcdca69889f
a284ca6abcd2698def894e76ba5ccf156c4de16cacaff64d0b60fe51f982fa06097084876539fda11d9b605dbe517c9cc7
0000000000000000000000000000000000000000000000000000000000000000000101000000000001011932254553f329
000000000000000000000000000000000000000000000000000000000000000000141400000000001414e711bdb8430b7d
000000000000000000000000000000000000000000000000000000000000000000151500000000001515438e08a242256a
000000000000000000000000000000000000000000000000000000000000000000ffff0000000000ffff708b2e03d617fa
e871a3d2cdd534bd5002165598505499ed590f7547fbd5dcf11e350ba066b158d264d9e649e373effa1c995c9a5e3ae7b0
43254feec8ddf8e18f27eeb21dd74d0642c20df4da342e60a0306cfb666f30696badbcf7f18f729b777ede5bad78afd686
b6f72bdd20fbba73065551f9996d2a14137349523a24c851b93130f870a5acee6924a058ee92f6270f41cc426085e5fbc8
27fb41e29dbcfe94d6b3bbd1ef21505f40c408171940d97f6513bb1bd0e5945edf9eb67ae43f11bf3460971387073a2f7b
350000000000005d000000000000f1000000000000aa000000000000e300000000000063000000000000ff000000000000
980000000000001d000000000000350000000000004f0000000000002f000000000000e500000000000015000000000000
74000000000000420000000000004e0000000000001700000000000091000000000000ae0000000000001b000000000000
52000000000000970000000000002b0000000000003e0000000000008b0000000000009300000000000080000000000000
7b5993c41dd8dd4df71e71a9cc4d77d386ccbb483d961b975173eb68dab1bd34e1ccd0fbc2e9d50f73a9bd2167da0a7ea2
bb74475f8e5fed255b7679fcedbc4bdfbb47a7b9f1178c25b174acc78a26885d05f904ac7c1ebce57b6e0b223f7e508ba9
f0fa133fbe87e716edb9fadc7fbed04a220db2ad8ab71a94f0d48680e27aff8bd5ae4140396b92109119fc64805970d011
c20707f274fbaa5347c97fa947a0a5f2505e2da541f683052903fdfe69b8e0113fa1edd6120db319b7b5c243b235001b35
593dedb2169087000000000000000000000000000000000000000000000000000000000000000000000000000000000000
f52bb868c3fdc5000000000000000000000000000000000000000000000000000000000000000000000000000000000000
f0d83510774eb9000000000000000000000000000000000000000000000000000000000000000000000000000000000000
8ba67966acc80a000000000000000000000000000000000000000000000000000000000000000000000000000000000000
2db8e9cb2e2fe6e86c0734502fdb8a74528b5fde5d2899aa9e3767a58bb9e8528d6c42a007d36390819e4ca1eba259c84c
49fae23dc476dabf8fb7f996478ebf4fe18562bf27257e2b78e5b8a6aeeaa72849f98fe7477e78fa9602616b60ec7d8ada
44f7081503e8884519d4bd37461d8a01541ffc1da2339a35cdd9b509b8e4de7d4328be6348ac1453f511b975abd1ebcbec
5241227e2bd7f0a7d7005d6266c87c7b6c4b17d4e067391ddd86c13bcd328bf24326bb66a376d6031d981be45bbc1252ee
000000005b9f9d00000000a4012900000101ef103100000101d72f7e11f8af2d05827593b843e5c92d411eaee22ecf11eb
00000000f3a3c40000000056c7fa000014149b722b00001414d1930eb2fbc0d1b22146695de7bcd1f3cfc611c5e2a93da2
00000000282fb600000000452ac70000151595c76b0000151556ca366e102ff5908d7f0e92f60dbd571b667b63fb4dbc29
00000000a861b5000000000737480000ffff46366c0000ffff61115f689e7a454301510957c806b5cc9ef42330385f10c8
17cf7e3b12330277069998b084db729f8e4ca4abd9aef0b4c6196f43bb70c08861816ca75155c58f645cbf703e8ab7f44e
54f96d78d388b8c2ad8fce82c2f9b39d543d31f54e939837d60580c1c798910ff5202d3f0e0ef6a2b6d06f089f405b518f
68fc19ba5e9f472acdb3c6a10ff5ef81ea4b5266a0f48deee860bbb018625fb7b4439ce80f94a6bfc8ce935184f43544f9
7993afcd0241507c4c67cfdb81ce1d9da599a3d4847a7157031cb046461da46c828a5cadd05ee22b3665c2dee51c43ea7a
00000000009b8a000000000088e000000001011ca60000000101c6f60fb9ea912194615c27b2c8d5a2821b1347cabae996
0000000000b0f6000000000005250000001414a8e10000001414252ae0dac71f315ce41e9fb3267d7649b98449f861136f
000000000051180000000000a6680000001515a8a900000015158f2ec0932e1ffe2690604117361a850ab31841dbba70cb
0000000000cc7300000000005f7d000000ffffaa57000000ffff2cc8250bb4f015f88a68bd46472376ddd94b926000b1d7
3b650abfa999d807f5e0198d536ead36a04ac2fd8e802a4318313e0feeeb635a33453aa8489371352d21376895b97dd729
7be0bdd1eea0e31102c12a9e2a6b9ee7f10b819ba34a03ec83b903d3c0994e91b7464d9d7e9be3cbe85c641e0906294371
b759d8951ddabc256110b45b98728c4b8567de716c72f3bf9784d65e43948459ab6161a2b137306c191543cadae0309dbc
57a84c2078d777ec3996c946a6b4a7404cf77627666bb3a76ef7bdce5f2f4eab6bfda389c8e57a1484057a45e0962c1d1e
00000000000053000000000000700000000001014a0000000001018e1ada859aa8e7229607cbc1f2fe22641e52a77e93ea
0000000000000e00000000000043000000001414180000000014141af89e477486f4c060850ac7a82382602657754b8d62
000000000000e0000000000000e2000000001515ef000000001515016bf0c83c69cc2d97bf3e3e624318c216e97e61bc78
000000000000d90000000000002a00000000ffffe100000000fffffda69521ebc942b4472b7c20baf4babc39c65ba12bcd
f07a30b04db3a2f178d366f281f80cc321e2be59bc47e77917823c0b0e8a567e5181c088b1c43cede788b80d70d45f6646
4e0028941b36a956561722c8a76c09994d5711d5fcc417ca3c546b6ef94023c3b0cc287bef9d78025bcec1cbcfae7ba492
01a596ae52cd0ddea1230da62fa0fe74551ca2e331f1351375b8b5ab1d80a8ad56c2b9c48f404c32ad612d1fae1acdcd11
0a23098480985cd6323f2201d09caee34ee6cedf0b5a7813d74e8d3c4762ab03bada424d4b00ac6bd1163e22e408c873c7
00000000000000000000000000000000000000010100000000000101203bf23bea93a39d76cc94d07bb36fbf57e1cd610a
000000000000000000000000000000000000001414000000000014149e686f6aa76b7204537527dae98a4e7761661c3e28
00000000000000000000000000000000000000151500000000001515190fcfaba50b7dfb27d4544d48759e8fec8bf57b63
00000000000000000000000000000000000000ffff0000000000fffff1bcd65606acf22e02c85ff708a35b95c99ccef2e6
f6000bb95d9d77da3fde6339049fd752feb5369f38da995c849ba3083e998840948d218aa36fd2d220836b21fa5978ccd6
c2f78b5611385de95ccc9c4eb492dc43185ca732e11a93611660e978999c5c4391351d66e7af58e7adc43f0059b18e4a50
6aafbb13f5ccff010f69483954e040431f60238cce90ea911b6aacb4ba0062d8bcd8d3c6761aeb3515ffdde1ae0f7c52d3
0bb3fb54925dd51130881765944ddb50ae219ff56fe1788ca8408e9429bb7e4bd2c44ac1aa83947489fcc32f7c2a13140d
0000000000000000000000000000000000000000000000000000000082233d881ec5ee22fb0918432bbda3914cf348c980
0000000000000000000000000000000000000000000000000000000044fe4f7d8c9d66862834f47e279666a8bd158173d6
00000000000000000000000000000000000000000000000000000000fe35360d719359c0cbc3fac12db6f6bce8edca7084
00000000000000000000000000000000000000000000000000000000c6974ccfba7a02ebc1518990f0a6d7e2b684d3ab88
b53a5fa0c765c456ebaf3bc00fd70a81eaba69e902303bd9054231b4cb347827402404e12de1e1aae37643a408d5b813fd
c33339ab9a85ea45573f3be22ff6c23d7fe539aadfe83dedba1422d3c93ef37134f6e6130c5fc27ce104588bbc030db1c0
82315f81979a3742a468e4bc45d5ea45d8b410be3290bcab5168279cc503aa546271c5d0f9f36b0c5003105417a4a6e21b
000e5303654f268d13b39f1031a3eb08fcce84b5f29f8ebe7880664e30ebc32f7650cb7e159dbd0ef8292265e9423e24d4
8dccf5000000003738e500000000b732eb000000008fea55000000008742a09bf7e50ab75b27e1a691d7bf715db5c8b4a7
3c42b8000000009bd0bb0000000014f819000000009a620f000000007ea46d0735a406645670d78e0b726e5fc900ee561a
8fd65200000000ce7349000000005cdee8000000008ae264000000007ff8db5011d3e6a14c5b09bad44e6d56c4a4b9be71
2c9ecd00000000fe250600000000830f440000000019d9f200000000e883cf6901e454f6504ba9049a9e2e18b92f2c72bc
384da03a62b7d329048f7795b67d793414f6c2c58483b1cc83e6d15b644d7e65f2bea876188a6a2383373f5395a94a2366
06058e4b36458b63ed61939199704cd0d6be5e4bb838300fc82dc0336b86b91378a2cb54ce9445daf60ecb0965d0ddfb20
e724b66686668268f38ecba0d13bb154a66d0b519b3f979e5a9f835cf6fb67c60df7c488caf99374d3ead5bd62c6b125cb
11d1dd9c01df4a0573d9bd833c59ac5c2b1cd27dcf277289bfd3922f26b116701c4805f84a410d9cb377da40d8e1b65ac4
000000001a7ec900000000848c660000000021bb3f00000101cf4c980000010188ae5b7ffdb8f794f178755f1802c8c7b5
00000000647dc000000000dcdabd000000000e821200001414ae09a6000014148e480cfdc029b4f3678abf8021c9d14274
00000000272f580000000094a85700000000b6cd2200001515dc3eee00001515ecfd779af71ac53a98767204be81ac6aad
00000000ebc97d00000000cd775500000000737dc90000ffff93bd940000ffffb55a090ec3ac04f025c699cb8f3a1fc7e6
bef4888a57647cb951098c286c139ecacbd3ac33a71337045d1976b30741934a4a7dfb254103891c46ba4a73bf609b7d09
022d7ea763e75c0e2421e46decf11ef425c20bc5ab7883a653470a8e543f42fa8b7dbeb8b2817f8d3c6ef9d0fdfb03566a
10aabeb38711fad550bf8ff03064722a74761edc56ff7048acad4c948631fccbe253aefe153cc135f55a39d0e6e9a08e03
2e808f6cd2d8de0f3e576816261a4ecff641c43bae6aebe4ca574291d8e80b4e523d136768470993748618858c2fe84fb6
0000000023018700000000e27b40000000007f4a5400000000e46e100000010196a9e600000101a6ed6f000da997e64aa1
000000006d31f900000000c654bc00000000eb949e00000000bda07e000014147b3a7f000014140b02f5510aaf617c3aff
000000009bac8b0000000033f3c60000000022eff900000000ec2ab9000015155438e400001515a9dbebcd50dd8e73415a
00000000075eb5000000004a0f6900000000cc8f4a00000000fb30780000ffff7000280000ffffe2c0c5c4e8e1f0a6cf33
29c4e9362ff6137dc3b508b60d183464cb7bd766c371ca2638c13d4c300900466c1f38546423c867c9d96f3a8a4c1cadc4
21317f8e2ab30e96c8cdadab232115c812f2c0ebc40c20562b3a7dd0bcab2bd2cb6d236469575045b860216a765623d299
f2a04bf01d80c1c523bc74509068c3890534568067108a20ab892182cf1984c497c1bf9b15c6f1d22116a2b101eaf571bc
a689ab0eb5134811b77a53538393d7065f146c039be76a1bb6e88466bfc00513af247d4f7fce2c50a83e164d38f9daf41b
00000000c48fea00000000bbd9ce000000006eeac0000000007d9bb300000000f6d3d4000001010a80b10000010105c3f1
0000000060e92c0000000058a3e8000000008fd7240000000006b50d000000004678630000141413876600001414e6ec57
00000000984e9c000000001237b80000000048257c00000000600cd90000000085b02f00001515329b3d000015158ce5c1
000000008fcd98000000006607b500000000da07df00000000cce92800000000faeb4c0000ffff9d89b60000ffff29fae0
567f0208ed5aa3a41e6305da850ef8e8dcedd0375972c8ba80003d55ad5ff3df99d663dc88fec09c1297a518b35803b87c
ed111b0c9e57bbcbb3a93d5e92d3b9ee3d4df652a278b0f98a87fc319203e14bb84c9dff1b32f984de28b0f76fbe9ea331
a5147e7279869a0451c2e1d37664812436cbd6bd83f5ea405730aeb43e63a7c97b88d2d163583b145e38e3332d7f10cfc1
247047d3553705ebd3a1ce918706156183997ab5b4a5416444bf0a2a58f041204c49e1d6e5c528352e5d69eee2ff8032c5
000000003af39300000000a4f9fe000000002fc836000000002e2ba000000000c8050d0000000001a3b000000000a3fd3f
0000000064191e0000000051589d00000000938fd800000000dc742c000000004d0c5d00000000581bd2000000003f0bc5
000000007c99410000000090ae720000000071a17600000000491ff30000000083929800000000271952000000007f3e45
000000008ef465000000004c207100000000c9e4d000000000aa704a00000000ee976c00000000f5592c0000000033113f
215b8968bbbc1c4844324f9345ade2866093a8b5b80c3ad1ee0767e13711600ff018aafd301f1336132273827eed8178f5
d8d1566657eaa26f3032bdbce2d7298f5119e2c6ae18b451402478d2c74d5f3e8161df80e95dda76a3e97e36438acc70f6
66b4b690220b3ba5be4c6beaaee7bfcdda34d68dbe4c65337ff77d34fe99aa823d0b9ec0506dcbdfde00e97d8d8b5b7fd1
ee30b69f9198227af3aaf707857dfc234bd04b274f9a1899598ac11a457f50fa88ea924b22e872e864682c08984a2b3e1c
b62357000000009308c400000000d0db8e000000006f8e5700000000e2903500000000cd120a000000000fd6ec00000000
25281f00000000913dee00000000dcf1fa0000000005aeb70000000053c9db00000000c97f7f00000000c7042100000000
334e380000000005fc0a00000000244972000000005355da00000000393d7d0000000046340a00000000c8370b00000000
75515f000000002208f2000000003a251000000000d8070200000000ecb895000000005f6d08000000003b6c8e00000000
807e4ba366a94d52b2a8a9fa35ee551946605556194e20dc2fdb86aeb0c349b48747cd8301029048db842409c6a788173d
8e03e2cd27edf48ee015b6d65e4b404cf11dc324073f38a8062b1200d332cbb900ce2b95a0cdcfef57611103b8cc7c1c6d
5367dc60c09b279a5c0935438fb85494cf180e41483f4366abebc7ab767a7cc278279b31a4a77e48765d05fb4b117f6337
5e07cea0c66be9abdd42c394f400ec9bc15e0f873c4e79f6948edc7dae8f99eab4d77b188d7eaa5de0e7ed37c975a11396
aa4b8f62e5501ca4fdd095984b84dcd7c80393e7c400000000000000000000000000000000000000000000000000000000
79ebdfaa0bbfaef22d2f89e6b47f9a2ea69689632200000000000000000000000000000000000000000000000000000000
2e2c378c7bc4d33aa4f4a866a0c36842e0674271f800000000000000000000000000000000000000000000000000000000
c234fcc48d2dd6b9da669cb1df8c482ddfc345218e00000000000000000000000000000000000000000000000000000000
06ea8935c7e67321328d5572b6d64e463fbf45a00f277b1acad3cc16989cbe4a0d8b30a7787aa28d15b784e64573821735
a4187ac67ac80d7842017c215091ef626e744eba858a8dae1aebeda77520ddaac05129f8c74ad32a4e40220ba800dbbfa6
1f78d7d9e8c7798b03d5503fd73965dafc83d3e02b6a99ef7ffecf401134519b108bf9e2212fa329b34fc9351dfd9f7f0b
6018213bc8baf4e698b85fa4d671ccf9dd4b78cabf9d7e2196e10f2da2e0099a903309ff07f0edfbbc352fe4e96be68f27
f6405bca3bca15111c76c19ceb6a5654129c8690060000000002e8360000000021050f000000008d2c40000000009478fe
5de1a46232f4f9cb09cf022cd89b105f5861923f330000000041cd170000000081009a000000003463470000000050cd9a
7edff42160564eb50d0de08b0b9b0bbeb3a2e3c1a300000000aaa12d00000000b7f55800000000d27db1000000009f20b8
ed523f134d812047bd63f6e96ef1666ce367af3509000000004df15800000000cb65ae0000000002cbd400000000a804e7
4aa407b3bdbc4c28863e3823bbc8dd097ac4d4a2c94e8ac80b21c9a2f0e7cbf076fc87d9c07abbe46f5cb6d83e8836b6ba
44f3829826cb7702f77bd4d60249c39cc73c057917133f69c0eac02770f780dd7c6ad2f923cc790f21150e79d117adff54
31610325f8d6264e982d617a3c9d219ad5520af1a95e0e41fd68ca2ccd70efd2498c1e7f0c591aad3503659ecce5ec446c
0aac6c5e2518273756bb6d18d01116fd79cf4b4a65971cf86e0e79403bbfd09d27f18f9b9ea838cd791c42e7dc7ddeb73c
9f537d763d0309b6e67d059dad8b0bee170544749518493c00000000b8d0b100000000123454000000002cf11e00000000
40314ed54ac56c4b44c7fad01c40f54643ac40eea731465c000000000b099c0000000059fe9b0000000031ad8100000000
ecb0a91abe0ef18a756a969140963d42dc6457d0803bc40a0000000071915300000000d34a5b00000000d5d51c00000000
11480ea172a01046d84f18ebee2499644cbf8de3540b8090000000007557df00000000d6e5ec00000000e5920800000000
17da19400c5593ee271653d476f23dcba60395266079bdb3c709541751e3737435d5947fbbd6273b2e16c2ca70e8ec05f3
03f93ec303cff4046a04c1f9f8856a6cbb2fe6ff255fd6e06eaaefe8486f0c603be032a7e51a65626a99232f6aca34d243
7ac99505bba177edaf8039d2673880ba0aa2a686f67e9a1d02582cfeda8aa81b7e8347ba1de8b1c0089f885e45c0b42a29
ad2401cc76683af76832a1e2da5c9f9409e5ac5271f0d1cc27b65f733665e2929ec2ac2bab80ece539b972e9f8b7c83330
000000000000510000000000008a0000000000004e0000000000005100000000000008000000000101e8000000000101f3
0000000000002d0000000000003700000000000009000000000000700000000000008b000000001414960000000014143f
000000000000520000000000001000000000000012000000000000d80000000000008e0000000015154000000000151515
0000000000004c00000000000080000000000000c70000000000005c000000000000c100000000ffffd900000000ffff9c
b3c10d62076f7bc3f33c3db23dfa908ea3aadc413ba2425ce814370437eea7faa63bc01ddc9f7101927456c31ffdb6d49d
246a6d5b97055a1e7927220681eb996e3c23a0a110139fed5c11d916150b6b5615cda7290f4b6ad58c7d6f078ea64622d5
82eea720c22ea60d93661e94904cc1c815c75c7f6b4ab93067042c8c4c0d01d0f79225c7db99a76619b800ab10c64fb93a
4de931f1a7ba615df014bbd6bbba4cfcb618193a4ca9f6de384d5db085d65c4ec969e9db3f192b38a663b141ff75dd3b0b
00000000000000000000000000000000000000000000000000000000000000000001010000000000010192669105578ce0
0000000000000000000000000000000000000000000000000000000000000000001414000000000014145e7d2c343177fc
000000000000000000000000000000000000000000000000000000000000000000151500000000001515fe46953b2cffda
000000000000000000000000000000000000000000000000000000000000000000ffff0000000000ffff09526092065134
3d0c7a29b9c7b93fdb7f87359e936fa9764954c8d79908a99a13f0fabb4fd920ec741b966b3f1d61904771d81b7f8ed69d
7fc66b42a7c6f22057127ab4f996510907f722bb26d26e93c5d9dcaa4ca9f6a3f23ec06896e8b130879cb4070ea17bcdb8
f9bf40f29e2bcbc6778e4ea499309dcc96b876986966b63abfd0f631db37850e0e2aa032fe7360ca6c46901a46e0b63933
ee5b6e9ab4c3e2e52680e68a4c38d4cf8d9d6570e64791a321e444a9c90553afefd38e43ed82e43bf3a5a0416f5b119842
54000000000000b9000000000000040000000000007d000000000000a3000000000000da0000000000009d000000000000
0b0000000000002b000000000000c100000000000094000000000000f000000000000067000000000000cf000000000000
6b0000000000003b000000000000bc000000000000c5000000000000370000000000009000000000000063000000000000
280000000000005b0000000000007e0000000000000600000000000011000000000000740000000000007a000000000000
207a0e634d6da71b8d206f13b022f09269b6987b7c76294dad3acff7b45e3715ab46ce46b31c955b73745951ebf162b7dc
0f000d4ed71100d0c62a973add7dee95bca23a0b4a28864f5f05e0ac74b080e6175deb87a3a4e956fa90356f482d24bd80
45f75823d3643521836b8a8b894e639a7b944e9034b02aae527d702f76bf5be2447136bc20b45b416e9092348ee6072fe7
fe93528557c71c41b79ac6f7c3cfe5c72252d40ee36f65dc8d09feae903b712e67c327a7262f171bbdb936c9b1c9c06108
fae710341ffc9a000000000000000000000000000000000000000000000000000000000000000000000000000000000000
9a695f774fb412000000000000000000000000000000000000000000000000000000000000000000000000000000000000
a57a73b1445d34000000000000000000000000000000000000000000000000000000000000000000000000000000000000
c8e32b39d095d8000000000000000000000000000000000000000000000000000000000000000000000000000000000000
8ce017241a53379d64d2b6ff7f3adcbc54c48f03fffbae6fd762d9f2def6cd5723f22da1e87d3dc6d0c8f506973b42a472
54234923b5ebb7cce9aaee0bb6602c749ef6fa273b1f501eda5d198e7983b54865a9efeccdc580605020ca7c50c228b360
cb8c192e2e3b74c9134de7d445e4f773c599cd83c3a80f7b30d0fc0a9b0ffcc7a8f3842c49b0dbfe0e94b16e934fad0dde
4ad411265ac5da8ef16cf7fcecad2e437c75c331c1b182603e57f3d7302e08e2dbfce49d232b2de3a3ec89b8f23223b7b2
28282828a7a7a728282828a7a7a728282828a7a7a728282828a7a7a7a7a7a7a7a7a7a7a7a7a7a7a7a7a7a7a7a7a7a7a7a7
dcdcdc28282828dcdcdc28282828dcdcdc28282828dcdcdc28282828a7a7a7a7a7a7a7a7a7a7a7a7a7a7a7a7a7a7a7a7a7
28282828a7a7a728282828a7a7a728282828a7a7a728282828a7a7a728282828a7a7a728282828a7a7a728282828a7a7a7
a7a7a7dcdcdcdca7a7a7dcdcdcdca7a7a7dcdcdcdca7a7a7dcdcdcdca7a7a7dcdcdcdca7a7a7dcdcdcdca7a7a7dcdcdcdc
a7a7a7a7a7a7a7a7a7a7a7a7a7a7a7a7a7a7a7a7a7dcdcdc28282828dcdcdc28282828dcdcdc28282828dcdcdc28282828
a7a7a7a7a7a7a7a7a7a7a7a7a7a7a7a7a7a7a7a7a7a7a7a7dcdcdcdca7a7a7dcdcdcdca7a7a7dcdcdcdca7a7a7dcdcdcdc
28282828a7a7a728282828a7a7a728282828a7a7a728282828a7a7a7a7a7a7a7a7a7a7a7a7a7a7a7a7a7a7a7a7a7a7a7a7
dcdcdc28282828dcdcdc28282828dcdcdc28282828dcdcdc28282828a7a7a7a7a7a7a7a7a7a7a7a7a7a7a7a7a7a7a7a7a7
28282828a7a7a728282828a7a7a728282828a7a7a728282828a7a7a728282828a7a7a728282828a7a7a728282828a7a7a7
a7a7a7dcdcdcdca7a7a7dcdcdcdca7a7a7dcdcdcdca7a7a7dcdcdcdca7a7a7dcdcdcdca7a7a7dcdcdcdca7a7a7dcdcdcdc
a7a7a7a7a7a7a7a7a7a7a7a7a7a7a7a7a7a7a7a7a7dcdcdcdc282828dcdcdcdc282828dcdcdcdc282828dcdcdcdc282828
a7a7a7a7a7a7a7a7a7a7a7a7a7a7a7a7a7a7a7a7a7a7a7a7dcdcdcdca7a7a7dcdcdcdca7a7a7dcdcdcdca7a7a7dcdcdcdc
28282828a7a7a728282828a7a7a728282828a7a7a728282828a7a7a7a7a7a7a7a7a7a7a7a7a7a7a7a7a7a7a7a7a7a7a7a7
dcdcdc28282828dcdcdc28282828dcdcdc28282828dcdc2828282828a7a7a7a7a7a7a7a7a7a7a7a7a7a7a7a7a7a7a7a7a7
28282828a7a7a728282828a7a7a728282828a7a7a728282828a7a7a728282828a7a7a728282828a7a7a728282828a7a7a7
a7a7a7dcdcdcdca7a7a7dcdcdcdca7a7a7dcdcdcdca7a7a7dcdcdcdca7a7a7dcdcdcdca7a7a7dcdcdcdca7a7a7dcdcdcdc
a7a7a7a7a7a7a7a7a7a7a7a7a7a7a7a7a7a7a7a7a7dcdcdcdcdc2828dcdcdcdc282828dcdcdcdc282828dcdcdcdc282828
a7a7a7a7a7a7a7a7a7a7a7a7a7a7a7a7a7a7a7a7a7a7a7a7dcdcdcdca7a7a7dcdcdcdca7a7a7dcdcdcdca7a7a7dcdcdcdc
28282828a7a7a728282828a7a7a728282828a7a7a728282828a7a7a7a7a7a7a7a7a7a7a7a7a7a7a7a7a7a7a7a7a7a7a7a7
dcdcdc28282828dcdc2828282828dcdc2828282828dcdc2828282828a7a7a7a7a7a7a7a7a7a7a7a7a7a7a7a7a7a7a7a7a7
28282828a7a7a728282828a7a7a728282828a7a7a728282828a7a7a728282828a7a7a728282828a7a7a728282828a7a7a7
a7a7a7dcdcdcdca7a7a7dcdcdcdca7a7a7dcdcdcdca7a7a7dcdcdcdca7a7a7dcdcdcdca7a7a7dcdcdcdca7a7a7dcdcdcdc
a7a7a7a7a7a7a7a7a7a7a7a7a7a7a7a7a7a7a7a7a7dcdcdcdcdc2828dcdcdcdcdc2828dcdcdcdcdc2828dcdcdcdc282828
a7a7a7a7a7a7a7a7a7a7a7a7a7a7a7a7a7a7a7a7a7a7a7a7dcdcdcdca7a7a7dcdcdcdca7a7a7dcdcdcdca7a7a7dcdcdcdc
28282828a7a7a728282828a7a7a728282828a7a7a728282828a7a7a7a7a7a7a7a7a7a7a7a7a7a7a7a7a7a7a7a7a7a7a7a7
dcdc2828282828dcdc2828282828dcdc2828282828dc282828282828a7a7a7a7a7a7a7a7a7a7a7a7a7a7a7a7a7a7a7a7a7
28282828a7a7a728282828a7a7a728282828a7a7a728282828a7a7a728282828a7a7a728282828a7a7a728282828a7a7a7
a7a7a7dcdcdcdca7a7a7dcdcdcdca7a7a7dcdcdcdca7a7a7dcdcdcdca7a7a7dcdcdcdca7a7a7dcdcdcdca7a7a7dcdcdcdc
a7a7a7a7a7a7a7a7a7a7a7a7a7a7a7a7a7a7a7a7a7dcdcdcdcdcdc28dcdcdcdcdc2828dcdcdcdcdc2828dcdcdcdcdc2828
a7a7a7a7a7a7a7a7a7a7a7a7a7a7a7a7a7a7a7a7a7a7a7a7dcdcdcdca7a7a7dcdcdcdca7a7a7dcdcdcdca7a7a7dcdcdcdc
28282828a7a7a728282828a7a7a728282828a7a7a728282828a7a7a7a7a7a7a7a7a7a7a7a7a7a7a7a7a7a7a7a7a7a7a7a7
dcdc2828282828dcdc2828282828dc282828282828dc282828282828a7a7a7a7a7a7a7a7a7a7a7a7a7a7a7a7a7a7a7a7a7
28282828a7a7a728282828a7a7a728282828a7a7a728282828a7a7a728282828a7a7a728282828a7a7a728282828a7a7a7
a7a7a7dcdcdcdca7a7a7dcdcdcdca7a7a7dcdcdcdca7a7a7dcdcdcdca7a7a7dcdcdcdca7a7a7dcdcdcdca7a7a7dcdcdcdc
a7a7a7a7a7a7a7a7a7a7a7a7a7a7a7a7a7a7a7a7a7dcdcdcdcdcdc28dcdcdcdcdcdc28dcdcdcdcdc2828dcdcdcdcdc2828
a7a7a7a7a7a7a7a7a7a7a7a7a7a7a7a7a7a7a7a7a7a7a7a7dcdcdcdca7a7a7dcdcdcdca7a7a7dcdcdcdca7a7a7dcdcdcdc
28282828a7a7a728282828a7a7a728282828a7a7a728282828a7a7a7a7a7a7a7a7a7a7a7a7a7a7a7a7a7a7a7a7a7a7a7a7
dcdc2828282828dc282828282828dc28282828282828282828282828a7a7a7a7a7a7a7a7a7a7a7a7a7a7a7a7a7a7a7a7a7
28282828a7a7a728282828a7a7a728282828a7a7a728282828a7a7a728282828a7a7a728282828a7a7a728282828a7a7a7
a7a7a7dcdcdcdca7a7a7dcdcdcdca7a7a7dcdcdcdca7a7a7dcdcdcdca7a7a7dcdcdcdca7a7a7dcdcdcdca7a7a7dcdcdcdc
a7a7a7a7a7a7a7a7a7a7a7a7a7a7a7a7a7a7a7a7a7dcdcdcdcdcdcdcdcdcdcdcdcdc28dcdcdcdcdcdc28dcdcdcdcdc2828
a7a7a7a7a7a7a7a7a7a7a7a7a7a7a7a7a7a7a7a7a7a7a7a7dcdcdcdca7a7a7dcdcdcdca7a7a7dcdcdcdca7a7a7dcdcdcdc
28282828a7a7a728282828a7a7a728282828a7a7a728282828a7a7a7a7a7a7a7a7a7a7a7a7a7a7a7a7a7a7a7a7a7a7a7a7
dc282828282828dc2828282828282828282828282828282828282828a7a7a7a7a7a7a7a7a7a7a7a7a7a7a7a7a7a7a7a7a7
28282828a7a7a728282828a7a7a728282828a7a7a728282828a7a7a728282828a7a7a728282828a7a7a728282828a7a7a7
a7a7a7dcdcdcdca7a7a7dcdcdcdca7a7a7dcdcdcdca7a7a7dcdcdcdca7a7a7dcdcdcdca7a7a7dcdcdcdca7a7a7dcdcdcdc
a7a7a7a7a7a7a7a7a7a7a7a7a7a7a7a7a7a7a7a7a7dcdcdcdcdcdcdcdcdcdcdcdcdcdcdcdcdcdcdcdc28dcdcdcdcdcdc28
a7a7a7a7a7a7a7a7a7a7a7a7a7a7a7a7a7a7a7a7a7a7a7a7dcdcdcdca7a7a7dcdcdcdca7a7a7dcdcdcdca7a7a7dcdcdcdc
28282828a7a7a728282828a7a7a728282828a7a7a728282828a7a7a7a7a7a7a7a7a7a7a7a7a7a7a7a7a7a7a7a7a7a7a7a7
dc282828282828282828282828282828282828282828282828282828a7a7a7a7a7a7a7a7a7a7a7a7a7a7a7a7a7a7a7a7a7
28282828a7a7a728282828a7a7a728282828a7a7a728282828a7a7a728282828a7a7a728282828a7a7a728282828a7a7a7
a7a7a7dcdcdcdca7a7a7dcdcdcdca7a7a7dcdcdcdca7a7a7dcdcdcdca7a7a7dcdcdcdca7a7a7dcdcdcdca7a7a7dcdcdcdc
a7a7a7a7a7a7a7a7a7a7a7a7a7a7a7a7a7a7a7a7a7dcdcdcdcdcdcdcdcdcdcdcdcdcdcdcdcdcdcdcdcdcdcdcdcdcdcdc28
a7a7a7a7a7a7a7a7a7a7a7a7a7a7a7a7a7a7a7a7a7a7a7a7dcdcdcdca7a7a7dcdcdcdca7a7a7dcdcdcdca7a7a7dcdcdcdc
28282828a7a7a728282828a7a7a728282828a7a7a728282828a7a7a7a7a7a7a7a7a7a7a7a7a7a7a7a7a7a7a7a7a7a7a7a7
dc282828282828282828282828282828282828282828282828282828a7a7a7a7a7a7a7a7a7a7a7a7a7a7a7a7a7a7a7a7a7
28282828a7a7a728282828a7a7a728282828a7a7a728282828a7a7a728282828a7a7a728282828a7a7a728282828a7a7a7
a7a7a7dcdcdcdca7a7a7dcdcdcdca7a7a7dcdcdcdca7a7a7dcdcdcdca7a7a7dcdcdcdca7a7a7dcdcdcdca7a7a7dcdcdcdc
a7a7a7a7a7a7a7a7a7a7a7a7a7a7a7a7a7a7a7a7a7dcdcdcdcdcdcdcdcdcdcdcdcdcdcdcdcdcdcdcdcdcdcdcdcdcdcdc28
a7a7a7a7a7a7a7a7a7a7a7a7a7a7a7a7a7a7a7a7a7a7a7a7dcdcdcdca7a7a7dcdcdcdca7a7a7dcdcdcdca7a7a7dcdcdcdc
28282828a7a7a728282828a7a7a728282828a7a7a728282828a7a7a7a7a7a7a7a7a7a7a7a7a7a7a7a7a7a7a7a7a7a7a7a7
28282828282828282828282828282828282828282828282828282828a7a7a7a7a7a7a7a7a7a7a7a7a7a7a7a7a7a7a7a7a7
dc282828a7a7a728282828a7a7a728282828a7a7a728282828a7a7a728282828a7a7a728282828a7a7a728282828a7a7a7
a7a7a7dcdcdcdca7a7a7dcdcdcdca7a7a7dcdcdcdca7a7a7dcdcdcdca7a7a7dcdcdcdca7a7a7dcdcdcdca7a7a7dcdcdc28
a7a7a7a7a7a7a7a7a7a7a7a7a7a7a7a7a7a7a7a7a7dcdcdcdcdcdcdcdcdcdcdcdcdcdcdcdcdcdcdcdcdcdcdcdcdcdcdcdc
a7a7a7a7a7a7a7a7a7a7a7a7a7a7a7a7a7a7a7a7a7a7a7a7dcdcdcdca7a7a7dcdcdcdca7a7a7dcdcdcdca7a7a7dcdcdcdc
28282828a7a7a728282828a7a7a728282828a7a7a728282828a7a7a7a7a7a7a7a7a7a7a7a7a7a7a7a7a7a7a7a7a7a7a7a7
28282828282828282828282828282828282828282828282828282828a7a7a7a7a7a7a7a7a7a7a7a7a7a7a7a7a7a7a7a7a7
dcdc2828a7a7a728282828a7a7a728282828a7a7a728282828a7a7a728282828a7a7a728282828a7a7a728282828a7a7a7
a7a7a7dcdcdcdca7a7a7dcdcdcdca7a7a7dcdcdcdca7a7a7dcdcdcdca7a7a7dcdcdcdca7a7a7dcdcdcdca7a7a7dcdc2828
a7a7a7a7a7a7a7a7a7a7a7a7a7a7a7a7a7a7a7a7a7dcdcdcdcdcdcdcdcdcdcdcdcdcdcdcdcdcdcdcdcdcdcdcdcdcdcdcdc
a7a7a7a7a7a7a7a7a7a7a7a7a7a7a7a7a7a7a7a7a7a7a7a7dcdcdcdca7a7a7dcdcdcdca7a7a7dcdcdcdca7a7a7dcdcdcdc
28282828a7a7a728282828a7a7a728282828a7a7a728282828a7a7a7a7a7a7a7a7a7a7a7a7a7a7a7a7a7a7a7a7a7a7a7a7
28282828282828282828282828282828282828282828282828282828a7a7a7a7a7a7a7a7a7a7a7a7a7a7a7a7a7a7a7a7a7
dcdcdc28a7a7a7dc282828a7a7a728282828a7a7a728282828a7a7a728282828a7a7a728282828a7a7a728282828a7a7a7
a7a7a7dcdcdcdca7a7a7dcdcdcdca7a7a7dcdcdcdca7a7a7dcdcdcdca7a7a7dcdcdcdca7a7a7dcdcdc28a7a7a7dc282828
a7a7a7a7a7a7a7a7a7a7a7a7a7a7a7a7a7a7a7a7a7dcdcdcdcdcdcdcdcdcdcdcdcdcdcdcdcdcdcdcdcdcdcdcdcdcdcdcdc
a7a7a7a7a7a7a7a7a7a7a7a7a7a7a7a7a7a7a7a7a7a7a7a7dcdcdcdca7a7a7dcdcdcdca7a7a7dcdcdcdca7a7a7dcdcdcdc
28282828a7a7a728282828a7a7a728282828a7a7a728282828a7a7a7a7a7a7a7a7a7a7a7a7a7a7a7a7a7a7a7a7a7a7a7a7
28282828282828282828282828282828282828282828282828282828a7a7a7a7a7a7a7a7a7a7a7a7a7a7a7a7a7a7a7a7a7
dcdcdcdca7a7a7dcdc2828a7a7a728282828a7a7a728282828a7a7a728282828a7a7a728282828a7a7a728282828a7a7a7
a7a7a7dcdcdcdca7a7a7dcdcdcdca7a7a7dcdcdcdca7a7a7dcdcdcdca7a7a7dcdcdcdca7a7a7dcdc2828a7a7a728282828
a7a7a7a7a7a7a7a7a7a7a7a7a7a7a7a7a7a7a7a7a7dcdcdcdcdcdcdcdcdcdcdcdcdcdcdcdcdcdcdcdcdcdcdcdcdcdcdcdc
a7a7a7a7a7a7a7a7a7a7a7a7a7a7a7a7a7a7a7a7a7a7a7a7dcdcdcdca7a7a7dcdcdcdca7a7a7dcdcdcdca7a7a7dcdcdcdc
28282828a7a7a728282828a7a7a728282828a7a7a728282828a7a7a7a7a7a7a7a7a7a7a7a7a7a7a7a7a7a7a7a7a7a7a7a7
28282828282828282828282828282828282828282828282828282828a7a7a7a7a7a7a7a7a7a7a7a7a7a7a7a7a7a7a7a7a7
dcdcdcdca7a7a7dcdcdc28a7a7a728282828a7a7a728282828a7a7a728282828a7a7a728282828a7a7a728282828a7a7a7
a7a7a7dcdcdcdca7a7a7dcdcdcdca7a7a7dcdcdcdca7a7a7dcdcdcdca7a7a7dcdcdcdca7a7a7dc282828a7a7a728282828
a7a7a7a7a7a7a7a7a7a7a7a7a7a7a7a7a7a7a7a7a7dcdcdcdcdcdcdcdcdcdcdcdcdcdcdcdcdcdcdcdcdcdcdcdcdcdcdcdc
a7a7a7a7a7a7a7a7a7a7a7a7a7a7a7a7a7a7a7a7a7a7a7a7dcdcdcdca7a7a7dcdcdcdca7a7a7dcdcdcdca7a7a7dcdcdcdc
28282828a7a7a728282828a7a7a728282828a7a7a728282828a7a7a7a7a7a7a7a7a7a7a7a7a7a7a7a7a7a7a7a7a7a7a7a7
28282828282828282828282828282828282828282828282828282828a7a7a7a7a7a7a7a7a7a7a7a7a7a7a7a7a7a7a7a7a7
dcdcdcdca7a7a7dcdcdcdca7a7a7dc282828a7a7a728282828a7a7a728282828a7a7a728282828a7a7a728282828a7a7a7
a7a7a7dcdcdcdca7a7a7dcdcdcdca7a7a7dcdcdcdca7a7a7dcdcdcdca7a7a7dcdcdc28a7a7a728282828a7a7a728282828
a7a7a7a7a7a7a7a7a7a7a7a7a7a7a7a7a7a7a7a7a7dcdcdcdcdcdcdcdcdcdcdcdcdcdcdcdcdcdcdcdcdcdcdcdcdcdcdcdc
a7a7a7a7a7a7a7a7a7a7a7a7a7a7a7a7a7a7a7a7a7a7a7a7dcdcdcdca7a7a7dcdcdcdca7a7a7dcdcdcdca7a7a7dcdcdcdc
28282828a7a7a728282828a7a7a728282828a7a7a728282828a7a7a7a7a7a7a7a7a7a7a7a7a7a7a7a7a7a7a7a7a7a7a7a7
28282828282828282828282828282828282828282828282828282828a7a7a7a7a7a7a7a7a7a7a7a7a7a7a7a7a7a7a7a7a7
dcdcdcdca7a7a7dcdcdcdca7a7a7dcdcdc28a7a7a728282828a7a7a728282828a7a7a728282828a7a7a728282828a7a7a7
a7a7a7dcdcdcdca7a7a7dcdcdcdca7a7a7dcdcdcdca7a7a7dcdcdcdca7a7a7dc282828a7a7a728282828a7a7a728282828
a7a7a7a7a7a7a7a7a7a7a7a7a7a7a7a7a7a7a7a7a7dcdcdcdcdcdcdcdcdcdcdcdcdcdcdcdcdcdcdcdcdcdcdcdcdcdcdcdc
a7a7a7a7a7a7a7a7a7a7a7a7a7a7a7a7a7a7a7a7a7a7a7a7dcdcdcdca7a7a7dcdcdcdca7a7a7dcdcdcdca7a7a7dcdcdcdc
28282828a7a7a728282828a7a7a728282828a7a7a728282828a7a7a7a7a7a7a7a7a7a7a7a7a7a7a7a7a7a7a7a7a7a7a7a7
28282828282828282828282828282828282828282828282828282828a7a7a7a7a7a7a7a7a7a7a7a7a7a7a7a7a7a7a7a7a7
dcdcdcdca7a7a7dcdcdcdca7a7a7dcdcdcdca7a7a728282828a7a7a728282828a7a7a728282828a7a7a728282828a7a7a7
a7a7a7dcdcdcdca7a7a7dcdcdcdca7a7a7dcdcdcdca7a7a7dcdcdcdca7a7a728282828a7a7a728282828a7a7a728282828
a7a7a7a7a7a7a7a7a7a7a7a7a7a7a7a7a7a7a7a7a7dcdcdcdcdcdcdcdcdcdcdcdcdcdcdcdcdcdcdcdcdcdcdcdcdcdcdcdc
a7a7a7a7a7a7a7a7a7a7a7a7a7a7a7a7a7a7a7a7a7a7a7a7dcdcdcdca7a7a7dcdcdcdca7a7a7dcdcdcdca7a7a7dcdcdcdc
28282828a7a7a728282828a7a7a728282828a7a7a728282828a7a7a7a7a7a7a7a7a7a7a7a7a7a7a7a7a7a7a7a7a7a7a7a7
28282828282828282828282828282828282828282828282828282828a7a7a7a7a7a7a7a7a7a7a7a7a7a7a7a7a7a7a7a7a7
dcdcdcdca7a7a7dcdcdcdca7a7a7dcdcdcdca7a7a728282828a7a7a728282828a7a7a728282828a7a7a728282828a7a7a7
a7a7a7dcdcdcdca7a7a7dcdcdcdca7a7a7dcdcdcdca7a7a7dcdcdcdca7a7a728282828a7a7a728282828a7a7a728282828
a7a7a7a7a7a7a7a7a7a7a7a7a7a7a7a7a7a7a7a7a7dcdcdcdcdcdcdcdcdcdcdcdcdcdcdcdcdcdcdcdcdcdcdcdcdcdcdcdc
a7a7a7a7a7a7a7a7a7a7a7a7a7a7a7a7a7a7a7a7a7a7a7a7dcdcdcdca7a7a7dcdcdcdca7a7a7dcdcdcdca7a7a7dcdcdcdc
28282828a7a7a728282828a7a7a728282828a7a7a728282828a7a7a7a7a7a7a7a7a7a7a7a7a7a7a7a7a7a7a7a7a7a7a7a7
28282828282828282828282828282828282828282828282828282828a7a7a7a7a7a7a7a7a7a7a7a7a7a7a7a7a7a7a7a7a7
dcdcdcdca7a7a7dcdcdcdca7a7a7dcdcdcdca7a7a7dcdcdcdca7a7a728282828a7a7a728282828a7a7a728282828a7a7a7
a7a7a7dcdcdcdca7a7a7dcdcdcdca7a7a7dcdcdcdca7a7a728282828a7a7a728282828a7a7a728282828a7a7a728282828
a7a7a7a7a7a7a7a7a7a7a7a7a7a7a7a7a7a7a7a7a7dcdcdcdcdcdcdcdcdcdcdcdcdcdcdcdcdcdcdcdcdcdcdcdcdcdcdcdc
a7a7a7a7a7a7a7a7a7a7a7a7a7a7a7a7a7a7a7a7a7a7a7a7dcdcdcdca7a7a7dcdcdcdca7a7a7dcdcdcdca7a7a7dcdcdcdc
28282828a7a7a728282828a7a7a728282828a7a7a728282828a7a7a7a7a7a7a7a7a7a7a7a7a7a7a7a7a7a7a7a7a7a7a7a7
28282828282828282828282828282828282828282828282828282828a7a7a7a7a7a7a7a7a7a7a7a7a7a7a7a7a7a7a7a7a7
dcdcdcdca7a7a7dcdcdcdca7a7a7dcdcdcdca7a7a7dcdcdcdca7a7a7282828dca7a7a728282828a7a7a728282828a7a7a7
a7a7a7dcdcdcdca7a7a7dcdcdcdca7a7a728dcdcdca7a7a728282828a7a7a728282828a7a7a728282828a7a7a728282828
a7a7a7a7a7a7a7a7a7a7a7a7a7a7a7a7a7a7a7a7a7dcdcdcdcdcdcdcdcdcdcdcdcdcdcdcdcdcdcdcdcdcdcdcdcdcdcdcdc
a7a7a7a7a7a7a7a7a7a7a7a7a7a7a7a7a7a7a7a7a7a7a7a7dcdcdcdca7a7a7dcdcdcdca7a7a7dcdcdcdca7a7a7dcdcdcdc
28282828a7a7a728282828a7a7a728282828a7a7a728282828a7a7a7a7a7a7a7a7a7a7a7a7a7a7a7a7a7a7a7a7a7a7a7a7
28282828282828282828282828282828282828282828282828282828a7a7a7a7a7a7a7a7a7a7a7a7a7a7a7a7a7a7a7a7a7
dcdcdcdca7a7a7dcdcdcdca7a7a7dcdcdcdca7a7a7dcdcdcdca7a7a728dcdcdca7a7a728282828a7a7a728282828a7a7a7
a7a7a7dcdcdcdca7a7a7dcdcdcdca7a7a7282828dca7a7a728282828a7a7a728282828a7a7a728282828a7a7a728282828
a7a7a7a7a7a7a7a7a7a7a7a7a7a7a7a7a7a7a7a7a7dcdcdcdcdcdcdcdcdcdcdcdcdcdcdcdcdcdcdcdcdcdcdcdcdcdcdcdc
a7a7a7a7a7a7a7a7a7a7a7a7a7a7a7a7a7a7a7a7a7a7a7a7dcdcdcdca7a7a7dcdcdcdca7a7a7dcdcdcdca7a7a7dcdcdcdc
28282828a7a7a728282828a7a7a728282828a7a7a728282828a7a7a7a7a7a7a7a7a7a7a7a7a7a7a7a7a7a7a7a7a7a7a7a7
28282828282828282828282828282828282828282828282828282828a7a7a7a7a7a7a7a7a7a7a7a7a7a7a7a7a7a7a7a7a7
dcdcdcdca7a7a7dcdcdcdca7a7a7dcdcdcdca7a7a7dcdcdcdca7a7a7dcdcdcdca7a7a7282828dca7a7a728282828a7a7a7
a7a7a7dcdcdcdca7a7a728dcdcdca7a7a728282828a7a7a728282828a7a7a728282828a7a7a728282828a7a7a728282828
a7a7a7a7a7a7a7a7a7a7a7a7a7a7a7a7a7a7a7a7a7dcdcdcdcdcdcdcdcdcdcdcdcdcdcdcdcdcdcdcdcdcdcdcdcdcdcdcdc
a7a7a7a7a7a7a7a7a7a7a7a7a7a7a7a7a7a7a7a7a7a7a7a7dcdcdcdca7a7a7dcdcdcdca7a7a7dcdcdcdca7a7a7dcdcdcdc
28282828a7a7a728282828a7a7a728282828a7a7a728282828a7a7a7a7a7a7a7a7a7a7a7a7a7a7a7a7a7a7a7a7a7a7a7a7
28282828282828282828282828282828282828282828282828282828a7a7a7a7a7a7a7a7a7a7a7a7a7a7a7a7a7a7a7a7a7
dcdcdcdca7a7a7dcdcdcdca7a7a7dcdcdcdca7a7a7dcdcdcdca7a7a7dcdcdcdca7a7a72828dcdca7a7a728282828a7a7a7
a7a7a7dcdcdcdca7a7a72828dcdca7a7a728282828a7a7a728282828a7a7a728282828a7a7a728282828a7a7a728282828
a7a7a7a7a7a7a7a7a7a7a7a7a7a7a7a7a7a7a7a7a7dcdcdcdcdcdcdcdcdcdcdcdcdcdcdcdcdcdcdcdcdcdcdcdcdcdcdcdc
a7a7a7a7a7a7a7a7a7a7a7a7a7a7a7a7a7a7a7a7a7a7a7a7dcdcdcdca7a7a7dcdcdcdca7a7a7dcdcdcdca7a7a7dcdcdcdc
282828dca7a7a728282828a7a7a728282828a7a7a728282828a7a7a7a7a7a7a7a7a7a7a7a7a7a7a7a7a7a7a7a7a7a7a7a7
28282828282828282828282828282828282828282828282828282828a7a7a7a7a7a7a7a7a7a7a7a7a7a7a7a7a7a7a7a7a7
dcdcdcdca7a7a7dcdcdcdca7a7a7dcdcdcdca7a7a7dcdcdcdca7a7a7dcdcdcdca7a7a728dcdcdca7a7a7282828dca7a7a7
a7a7a728dcdcdca7a7a7282828dca7a7a728282828a7a7a728282828a7a7a728282828a7a7a728282828a7a7a728282828
a7a7a7a7a7a7a7a7a7a7a7a7a7a7a7a7a7a7a7a7a7dcdcdcdcdcdcdcdcdcdcdcdcdcdcdcdcdcdcdcdcdcdcdcdcdcdcdcdc
a7a7a7a7a7a7a7a7a7a7a7a7a7a7a7a7a7a7a7a7a7a7a7a7dcdcdcdca7a7a7dcdcdcdca7a7a7dcdcdcdca7a7a728dcdcdc
2828dcdca7a7a7282828dca7a7a728282828a7a7a728282828a7a7a7a7a7a7a7a7a7a7a7a7a7a7a7a7a7a7a7a7a7a7a7a7
28282828282828282828282828282828282828282828282828282828a7a7a7a7a7a7a7a7a7a7a7a7a7a7a7a7a7a7a7a7a7
dcdcdcdca7a7a7dcdcdcdca7a7a7dcdcdcdca7a7a7dcdcdcdca7a7a7dcdcdcdca7a7a7dcdcdcdca7a7a72828dcdca7a7a7
a7a7a72828dcdca7a7a728282828a7a7a728282828a7a7a728282828a7a7a728282828a7a7a728282828a7a7a728282828
a7a7a7a7a7a7a7a7a7a7a7a7a7a7a7a7a7a7a7a7a7dcdcdcdcdcdcdcdcdcdcdcdcdcdcdcdcdcdcdcdcdcdcdcdcdcdcdcdc
a7a7a7a7a7a7a7a7a7a7a7a7a7a7a7a7a7a7a7a7a7a7a7a7dcdcdcdca7a7a7dcdcdcdca7a7a728dcdcdca7a7a72828dcdc
28dcdcdca7a7a72828dcdca7a7a7282828dca7a7a728282828a7a7a7a7a7a7a7a7a7a7a7a7a7a7a7a7a7a7a7a7a7a7a7a7
28282828282828282828282828282828282828282828282828282828a7a7a7a7a7a7a7a7a7a7a7a7a7a7a7a7a7a7a7a7a7
dcdcdcdca7a7a7dcdcdcdca7a7a7dcdcdcdca7a7a7dcdcdcdca7a7a7dcdcdcdca7a7a7dcdcdcdca7a7a728dcdcdca7a7a7
a7a7a7282828dca7a7a728282828a7a7a728282828a7a7a728282828a7a7a728282828a7a7a728282828a7a7a728282828
a7a7a7a7a7a7a7a7a7a7a7a7a7a7a7a7a7a7a7a7a7dcdcdcdcdcdcdcdcdcdcdcdcdcdcdcdcdcdcdcdcdcdcdcdcdcdcdcdc
a7a7a7a7a7a7a7a7a7a7a7a7a7a7a7a7a7a7a7a7a7a7a7a7dcdcdcdca7a7a728dcdcdca7a7a72828dcdca7a7a7282828dc
28dcdcdca7a7a72828dcdca7a7a7282828dca7a7a728282828a7a7a7a7a7a7a7a7a7a7a7a7a7a7a7a7a7a7a7a7a7a7a7a7
28282828282828282828282828282828282828282828282828282828a7a7a7a7a7a7a7a7a7a7a7a7a7a7a7a7a7a7a7a7a7
dcdcdcdca7a7a7dcdcdcdca7a7a7dcdcdcdca7a7a7dcdcdcdca7a7a7dcdcdcdca7a7a7dcdcdcdca7a7a728dcdcdca7a7a7
a7a7a7282828dca7a7a728282828a7a7a728282828a7a7a728282828a7a7a728282828a7a7a728282828a7a7a728282828
a7a7a7a7a7a7a7a7a7a7a7a7a7a7a7a7a7a7a7a7a7dcdcdcdcdcdcdcdcdcdcdcdcdcdcdcdcdcdcdcdcdcdcdcdcdcdcdcdc
a7a7a7a7a7a7a7a7a7a7a7a7a7a7a7a7a7a7a7a7a7a7a7a7dcdcdcdca7a7a728dcdcdca7a7a72828dcdca7a7a7282828dc
dcdcdcdca7a7a728dcdcdca7a7a72828dcdca7a7a7282828dca7a7a7a7a7a7a7a7a7a7a7a7a7a7a7a7a7a7a7a7a7a7a7a7
282828282828dc282828282828282828282828282828282828282828a7a7a7a7a7a7a7a7a7a7a7a7a7a7a7a7a7a7a7a7a7
dcdcdcdca7a7a7dcdcdcdca7a7a7dcdcdcdca7a7a7dcdcdcdca7a7a7dcdcdcdca7a7a7dcdcdcdca7a7a7dcdcdcdca7a7a7
a7a7a728282828a7a7a728282828a7a7a728282828a7a7a728282828a7a7a728282828a7a7a728282828a7a7a728282828
a7a7a7a7a7a7a7a7a7a7a7a7a7a7a7a7a7a7a7a7a7dcdcdcdcdcdcdcdcdcdcdcdcdcdcdcdcdcdcdcdcdc28dcdcdcdcdcdc
a7a7a7a7a7a7a7a7a7a7a7a7a7a7a7a7a7a7a7a7a7a7a7a728dcdcdca7a7a72828dcdca7a7a7282828dca7a7a728282828
dcdcdcdca7a7a7dcdcdcdca7a7a728dcdcdca7a7a72828dcdca7a7a7a7a7a7a7a7a7a7a7a7a7a7a7a7a7a7a7a7a7a7a7a7
282828282828dc282828282828dc2828282828282828282828282828a7a7a7a7a7a7a7a7a7a7a7a7a7a7a7a7a7a7a7a7a7
dcdcdcdca7a7a7dcdcdcdca7a7a7dcdcdcdca7a7a7dcdcdcdca7a7a7dcdcdcdca7a7a7dcdcdcdca7a7a7dcdcdcdca7a7a7
a7a7a728282828a7a7a728282828a7a7a728282828a7a7a728282828a7a7a728282828a7a7a728282828a7a7a728282828
a7a7a7a7a7a7a7a7a7a7a7a7a7a7a7a7a7a7a7a7a7dcdcdcdcdcdcdcdcdcdcdcdcdcdc28dcdcdcdcdcdc28dcdcdcdcdcdc
a7a7a7a7a7a7a7a7a7a7a7a7a7a7a7a7a7a7a7a7a7a7a7a72828dcdca7a7a7282828dca7a7a728282828a7a7a728282828
dcdcdcdca7a7a7dcdcdcdca7a7a7dcdcdcdca7a7a728dcdcdca7a7a7a7a7a7a7a7a7a7a7a7a7a7a7a7a7a7a7a7a7a7a7a7
2828282828dcdc282828282828dc282828282828dc28282828282828a7a7a7a7a7a7a7a7a7a7a7a7a7a7a7a7a7a7a7a7a7
dcdcdcdca7a7a7dcdcdcdca7a7a7dcdcdcdca7a7a7dcdcdcdca7a7a7dcdcdcdca7a7a7dcdcdcdca7a7a7dcdcdcdca7a7a7
a7a7a728282828a7a7a728282828a7a7a728282828a7a7a728282828a7a7a728282828a7a7a728282828a7a7a728282828
a7a7a7a7a7a7a7a7a7a7a7a7a7a7a7a7a7a7a7a7a7dcdcdcdcdcdcdc28dcdcdcdcdcdc28dcdcdcdcdcdc2828dcdcdcdcdc
a7a7a7a7a7a7a7a7a7a7a7a7a7a7a7a7a7a7a7a7a7a7a7a7282828dca7a7a728282828a7a7a728282828a7a7a728282828
dcdcdcdca7a7a7dcdcdcdca7a7a7dcdcdcdca7a7a7dcdcdcdca7a7a7a7a7a7a7a7a7a7a7a7a7a7a7a7a7a7a7a7a7a7a7a7
2828282828dcdc2828282828dcdc282828282828dc282828282828dca7a7a7a7a7a7a7a7a7a7a7a7a7a7a7a7a7a7a7a7a7
dcdcdcdca7a7a7dcdcdcdca7a7a7dcdcdcdca7a7a7dcdcdcdca7a7a7dcdcdcdca7a7a7dcdcdcdca7a7a7dcdcdcdca7a7a7
a7a7a728282828a7a7a728282828a7a7a728282828a7a7a728282828a7a7a728282828a7a7a728282828a7a7a728282828
a7a7a7a7a7a7a7a7a7a7a7a7a7a7a7a7a7a7a7a7a728dcdcdcdcdcdc28dcdcdcdcdcdc2828dcdcdcdcdc2828dcdcdcdcdc
a7a7a7a7a7a7a7a7a7a7a7a7a7a7a7a7a7a7a7a7a7a7a7a728282828a7a7a728282828a7a7a728282828a7a7a728282828
dcdcdcdca7a7a7dcdcdcdca7a7a7dcdcdcdca7a7a7dcdcdcdca7a7a7a7a7a7a7a7a7a7a7a7a7a7a7a7a7a7a7a7a7a7a7a7
2828282828dcdc2828282828dcdc2828282828dcdc282828282828dca7a7a7a7a7a7a7a7a7a7a7a7a7a7a7a7a7a7a7a7a7
dcdcdcdca7a7a7dcdcdcdca7a7a7dcdcdcdca7a7a7dcdcdcdca7a7a7dcdcdcdca7a7a7dcdcdcdca7a7a7dcdcdcdca7a7a7
a7a7a728282828a7a7a728282828a7a7a728282828a7a7a728282828a7a7a728282828a7a7a728282828a7a7a728282828
a7a7a7a7a7a7a7a7a7a7a7a7a7a7a7a7a7a7a7a7a728dcdcdcdcdcdc2828dcdcdcdcdc2828dcdcdcdcdc2828dcdcdcdcdc
a7a7a7a7a7a7a7a7a7a7a7a7a7a7a7a7a7a7a7a7a7a7a7a728282828a7a7a728282828a7a7a728282828a7a7a728282828
dcdcdcdca7a7a7dcdcdcdca7a7a7dcdcdcdca7a7a7dcdcdcdca7a7a7a7a7a7a7a7a7a7a7a7a7a7a7a7a7a7a7a7a7a7a7a7
28282828dcdcdc2828282828dcdc2828282828dcdc2828282828dcdca7a7a7a7a7a7a7a7a7a7a7a7a7a7a7a7a7a7a7a7a7
dcdcdcdca7a7a7dcdcdcdca7a7a7dcdcdcdca7a7a7dcdcdcdca7a7a7dcdcdcdca7a7a7dcdcdcdca7a7a7dcdcdcdca7a7a7
a7a7a728282828a7a7a728282828a7a7a728282828a7a7a728282828a7a7a728282828a7a7a728282828a7a7a728282828
a7a7a7a7a7a7a7a7a7a7a7a7a7a7a7a7a7a7a7a7a72828dcdcdcdcdc2828dcdcdcdcdc2828dcdcdcdcdc282828dcdcdcdc
a7a7a7a7a7a7a7a7a7a7a7a7a7a7a7a7a7a7a7a7a7a7a7a728282828a7a7a728282828a7a7a728282828a7a7a728282828
dcdcdcdca7a7a7dcdcdcdca7a7a7dcdcdcdca7a7a7dcdcdcdca7a7a7a7a7a7a7a7a7a7a7a7a7a7a7a7a7a7a7a7a7a7a7a7
28282828dcdcdc28282828dcdcdc28282828dcdcdc2828282828dcdca7a7a7a7a7a7a7a7a7a7a7a7a7a7a7a7a7a7a7a7a7
dcdcdcdca7a7a7dcdcdcdca7a7a7dcdcdcdca7a7a7dcdcdcdca7a7a7dcdcdcdca7a7a7dcdcdcdca7a7a7dcdcdcdca7a7a7
a7a7a728282828a7a7a728282828a7a7a728282828a7a7a728282828a7a7a728282828a7a7a728282828a7a7a728282828
a7a7a7a7a7a7a7a7a7a7a7a7a7a7a7a7a7a7a7a7a72828dcdcdcdcdc282828dcdcdcdc282828dcdcdcdc282828dcdcdcdc
a7a7a7a7a7a7a7a7a7a7a7a7a7a7a7a7a7a7a7a7a7a7a7a728282828a7a7a728282828a7a7a728282828a7a7a728282828
dcdcdcdca7a7a7dcdcdcdca7a7a7dcdcdcdca7a7a7dcdcdcdca7a7a7a7a7a7a7a7a7a7a7a7a7a7a7a7a7a7a7a7a7a7a7a7
28282828dcdcdc28282828dcdcdc28282828dcdcdc28282828dcdcdca7a7a7a7a7a7a7a7a7a7a7a7a7a7a7a7a7a7a7a7a7
dcdcdcdca7a7a7dcdcdcdca7a7a7dcdcdcdca7a7a7dcdcdcdca7a7a7dcdcdcdca7a7a7dcdcdcdca7a7a7dcdcdcdca7a7a7
a7a7a728282828a7a7a728282828a7a7a728282828a7a7a728282828a7a7a728282828a7a7a728282828a7a7a728282828
a7a7a7a7a7a7a7a7a7a7a7a7a7a7a7a7a7a7a7a7a7282828dcdcdcdc282828dcdcdcdc282828dcdcdcdc282828dcdcdcdc
a7a7a7a7a7a7a7a7a7a7a7a7a7a7a7a7a7a7a7a7a7a7a7a728282828a7a7a728282828a7a7a728282828a7a7a728282828
